date,AK,AL,AR,AS,AZ,CA,CO,CT,DC,DE,FL,GA,GU,HI,IA,ID,IL,IN,KS,KY,LA,MA,MD,ME,MI,MN,MO,MP,MS,MT,NC,ND,NE,NH,NJ,NM,NV,NY,OH,OK,OR,PA,PR,RI,SC,SD,TN,TX,UT,VA,VI,VT,WA,WI,WV,WY
20200113,0,0,0,0,0,0,0,0,0,0,0,0,0,0,0,0,0,0,0,0,0,0,0,0,0,0,0,0,0,0,0,0,0,0,0,0,0,0,0,0,0,0,0,0,0,0,0,0,0,0,0,0,0,0,0,0
20200114,0,0,0,0,0,0,0,0,0,0,0,0,0,0,0,0,0,0,0,0,0,0,0,0,0,0,0,0,0,0,0,0,0,0,0,0,0,0,0,0,0,0,0,0,0,0,0,0,0,0,0,0,0,0,0,0
20200115,0,0,0,0,0,0,0,0,0,0,0,0,0,0,0,0,0,0,0,0,0,0,0,0,0,0,0,0,0,0,0,0,0,0,0,0,0,0,0,0,0,0,0,0,0,0,0,0,0,0,0,0,0,0,0,0
20200116,0,0,0,0,0,0,0,0,0,0,0,0,0,0,0,0,0,0,0,0,0,0,0,0,0,0,0,0,0,0,0,0,0,0,0,0,0,0,0,0,0,0,0,0,0,0,0,0,0,0,0,0,0,0,0,0
20200117,0,0,0,0,0,0,0,0,0,0,0,0,0,0,0,0,0,0,0,0,0,0,0,0,0,0,0,0,0,0,0,0,0,0,0,0,0,0,0,0,0,0,0,0,0,0,0,0,0,0,0,0,0,0,0,0
20200118,0,0,0,0,0,0,0,0,0,0,0,0,0,0,0,0,0,0,0,0,0,0,0,0,0,0,0,0,0,0,0,0,0,0,0,0,0,0,0,0,0,0,0,0,0,0,0,0,0,0,0,0,0,0,0,0
20200119,0,0,0,0,0,0,0,0,0,0,0,0,0,0,0,0,0,0,0,0,0,0,0,0,0,0,0,0,0,0,0,0,0,0,0,0,0,0,0,0,0,0,0,0,0,0,0,0,0,0,0,0,1,0,0,0
20200120,0,0,0,0,0,0,0,0,0,0,0,0,0,0,0,0,0,0,0,0,0,0,0,0,0,0,0,0,0,0,0,0,0,0,0,0,0,0,0,0,0,0,0,0,0,0,0,0,0,0,0,0,0,0,0,0
20200121,0,0,0,0,0,0,0,0,0,0,0,0,0,0,0,0,0,0,0,0,0,0,0,0,0,0,0,0,0,0,0,0,0,0,0,0,0,0,0,0,0,0,0,0,0,0,0,0,0,0,0,0,1,0,0,0
20200122,0,0,0,0,0,0,0,0,0,0,0,0,0,0,0,0,0,0,0,0,0,0,0,0,0,0,0,0,0,0,0,0,0,0,0,0,0,0,0,0,0,0,0,0,0,0,0,0,0,0,0,0,0,0,0,0
20200123,0,0,0,0,0,0,0,0,0,0,0,0,0,0,0,0,0,0,0,0,0,0,0,0,0,0,0,0,0,0,0,0,0,0,0,0,0,0,0,0,0,0,0,0,0,0,0,0,0,0,0,0,0,0,0,0
20200124,0,0,0,0,0,0,0,0,0,0,0,0,0,0,0,0,0,0,0,0,0,0,0,0,0,0,0,0,0,0,0,0,0,0,0,0,0,0,0,0,0,0,0,0,0,0,0,0,0,0,0,0,0,0,0,0
20200125,0,0,0,0,0,0,0,0,0,0,0,0,0,0,0,0,0,0,0,0,0,0,0,0,0,0,0,0,0,0,0,0,0,0,0,0,0,0,0,0,0,0,0,0,0,0,0,0,0,0,0,0,0,0,0,0
20200126,0,0,0,0,0,0,0,0,0,0,0,0,0,0,0,0,0,0,0,0,0,0,0,0,0,0,0,0,0,0,0,0,0,0,0,0,0,0,0,0,0,0,0,0,0,0,0,0,0,0,0,0,0,0,0,0
20200127,0,0,0,0,0,0,0,0,0,0,0,0,0,0,0,0,0,0,0,0,0,0,0,0,0,0,0,0,0,0,0,0,0,0,0,0,0,0,0,0,0,0,0,0,0,0,0,0,0,0,0,0,0,0,0,0
20200128,0,0,0,0,0,0,0,0,0,0,0,0,0,0,0,0,0,0,0,0,0,0,0,0,0,0,0,0,0,0,0,0,0,0,0,0,0,0,0,0,0,0,0,0,0,0,0,0,0,0,0,0,0,0,0,0
20200129,0,0,0,0,0,0,0,0,0,0,0,0,0,0,0,0,0,0,0,0,0,0,0,0,0,0,0,0,0,0,0,0,0,0,0,0,0,0,0,0,0,0,0,0,0,0,0,0,0,0,0,0,0,0,0,0
20200130,0,0,0,0,0,0,0,0,0,0,0,0,0,0,0,0,0,0,0,0,0,0,0,0,0,0,0,0,0,0,0,0,0,0,0,0,0,0,0,0,0,0,0,0,0,0,0,0,0,0,0,0,0,0,0,0
20200131,0,0,0,0,0,0,0,0,0,0,0,0,0,0,0,0,0,0,0,0,0,0,0,0,0,0,0,0,0,0,0,0,0,0,0,0,0,0,0,0,0,0,0,0,0,0,0,0,0,0,0,0,0,0,0,0
20200201,0,0,0,0,0,0,0,0,0,0,0,0,0,0,0,0,0,0,0,0,0,0,0,0,0,0,0,0,0,0,0,0,0,0,0,0,0,0,0,0,0,0,0,0,0,0,0,0,0,0,0,0,0,0,0,0
20200202,0,0,0,0,0,0,0,0,0,0,0,0,0,0,0,0,0,0,0,0,0,0,0,0,0,0,0,0,0,0,0,0,0,0,0,0,0,0,0,0,0,0,0,0,0,0,0,0,0,0,0,0,0,0,0,0
20200203,0,0,0,0,0,0,0,0,0,0,0,0,0,0,0,0,0,0,0,0,0,0,0,0,0,0,0,0,0,0,0,0,0,0,0,0,0,0,0,0,0,0,0,0,0,0,0,0,0,0,0,0,1,0,0,0
20200204,0,0,0,0,0,0,0,0,0,0,0,0,0,0,0,0,0,0,0,0,0,0,0,0,0,0,0,0,0,0,0,0,0,0,0,0,0,0,0,0,0,0,0,0,0,0,0,0,0,0,0,0,0,0,0,0
20200205,0,0,0,0,0,0,0,0,0,0,0,0,0,0,0,0,0,0,0,0,0,0,0,0,0,0,0,0,0,0,0,0,0,0,0,0,0,0,0,0,0,0,0,0,0,0,0,0,0,0,0,0,0,0,0,0
20200206,0,0,0,0,0,0,0,0,0,0,0,0,0,0,0,0,0,0,0,0,0,0,0,0,0,0,0,0,0,0,0,0,0,0,0,0,0,0,0,0,0,0,0,0,0,0,0,0,0,0,0,0,2,0,0,0
20200207,0,0,0,0,0,0,0,0,0,0,0,0,0,0,0,0,0,0,0,0,0,0,0,0,0,0,0,0,0,0,0,0,0,0,0,0,0,0,0,0,0,0,0,0,0,0,0,0,0,0,0,0,0,0,0,0
20200208,0,0,0,0,0,0,0,0,0,0,0,0,0,0,0,0,0,0,0,0,0,0,0,0,0,0,0,0,0,0,0,0,0,0,0,0,0,0,0,0,0,0,0,0,0,0,0,0,0,0,0,0,0,0,0,0
20200209,0,0,0,0,0,0,0,0,0,0,0,0,0,0,0,0,0,0,0,0,0,0,0,0,0,0,0,0,0,0,0,0,0,0,0,0,0,0,0,0,0,0,0,0,0,0,0,0,0,0,0,0,0,0,0,0
20200210,0,0,0,0,0,0,0,0,0,0,0,0,0,0,0,0,0,0,0,0,0,0,0,0,0,0,0,0,0,0,0,0,0,0,0,0,0,0,0,0,0,0,0,0,0,0,0,0,0,0,0,0,0,0,0,0
20200211,0,0,0,0,0,0,0,0,0,0,0,0,0,0,0,0,0,0,0,0,0,0,0,0,0,0,0,0,0,0,0,0,0,0,0,0,0,0,0,0,0,0,0,0,0,0,0,0,0,0,0,0,0,0,0,0
20200212,0,0,0,0,0,0,0,0,0,0,0,0,0,0,0,0,0,0,0,0,0,0,0,0,0,0,0,0,0,0,0,0,0,0,0,0,0,0,0,0,0,0,0,0,0,0,0,0,0,0,0,0,0,0,0,0
20200213,0,0,0,0,0,0,0,0,0,0,0,0,0,0,0,0,0,0,0,0,0,0,0,0,0,0,0,0,0,0,0,0,0,0,0,0,0,0,0,0,0,0,0,0,0,0,0,0,0,0,0,0,1,0,0,0
20200214,0,0,0,0,0,0,0,0,0,0,0,0,0,0,0,0,0,0,0,0,0,0,0,0,0,0,0,0,0,0,0,0,0,0,0,0,0,0,0,0,0,0,0,0,0,0,0,0,0,0,0,0,1,0,0,0
20200215,0,0,0,0,0,0,0,0,0,0,0,0,0,0,0,0,0,0,0,0,0,0,0,0,0,0,0,0,0,0,0,0,0,0,0,0,0,0,0,0,0,0,0,0,0,0,0,0,0,0,0,0,0,0,0,0
20200216,0,0,0,0,0,0,0,0,0,0,0,0,0,0,0,0,0,0,0,0,0,0,0,0,0,0,0,0,0,0,0,0,0,0,0,0,0,0,0,0,0,0,0,0,0,0,0,0,0,0,0,0,0,0,0,0
20200217,0,0,0,0,0,0,0,0,0,0,0,0,0,0,0,0,0,0,0,0,0,0,0,0,0,0,0,0,0,0,0,0,0,0,0,0,0,0,0,0,0,0,0,0,0,0,0,0,0,0,0,0,0,0,0,0
20200218,0,0,0,0,0,0,0,0,0,0,0,0,0,0,0,0,0,0,0,0,0,0,0,0,0,0,0,0,0,0,0,0,0,0,0,0,0,0,0,0,0,0,0,0,0,0,0,0,0,0,0,0,0,0,0,0
20200219,0,0,0,0,0,0,0,0,0,0,0,0,0,0,0,0,0,0,0,0,0,0,0,0,0,0,0,0,0,0,0,0,0,0,0,0,0,0,0,0,0,0,0,0,0,0,0,0,0,0,0,0,0,0,0,0
20200220,0,0,0,0,0,0,0,0,0,0,0,0,0,0,0,0,0,0,0,0,0,0,0,0,0,0,0,0,0,0,0,0,0,0,0,0,0,0,0,0,0,0,0,0,0,0,0,0,0,0,0,0,0,0,0,0
20200221,0,0,0,0,0,0,0,0,0,0,0,0,0,0,0,0,0,0,0,0,0,0,0,0,0,0,0,0,0,0,0,0,0,0,0,0,0,0,0,0,0,0,0,0,0,0,0,0,0,0,0,0,0,0,0,0
20200222,0,0,0,0,0,0,0,0,0,0,0,0,0,0,0,0,0,0,0,0,0,0,0,0,0,0,0,0,0,0,0,0,0,0,0,0,0,0,0,0,0,0,0,0,0,0,0,0,0,0,0,0,0,0,0,0
20200223,0,0,0,0,0,0,0,0,0,0,0,0,0,0,0,0,0,0,0,0,0,0,0,0,0,0,0,0,0,0,0,0,0,0,0,0,0,0,0,0,0,0,0,0,0,0,0,0,0,0,0,0,1,0,0,0
20200224,0,0,0,0,0,0,0,0,0,0,0,0,0,0,0,0,0,0,0,0,0,0,0,0,0,0,0,0,0,0,0,0,0,0,0,0,0,0,0,0,0,0,0,0,0,0,0,0,0,0,0,0,1,0,0,0
20200225,0,0,0,0,0,0,0,0,0,0,0,0,0,0,0,0,0,0,0,0,0,0,0,0,0,0,0,0,0,0,0,0,0,0,0,0,0,0,0,0,0,0,0,0,0,0,0,0,0,0,0,0,1,0,0,0
20200226,0,0,0,0,0,0,0,0,0,0,0,0,0,0,0,0,0,0,0,0,0,0,0,0,0,0,0,0,0,0,0,0,0,0,0,0,0,0,0,0,0,0,0,0,0,0,0,0,0,0,0,0,2,0,0,0
20200227,0,0,0,0,0,0,0,0,0,0,0,0,0,0,0,0,0,0,0,0,0,0,0,0,0,0,0,0,0,0,0,0,0,0,0,0,0,0,0,0,0,0,0,0,0,0,0,0,0,0,0,0,1,0,0,0
20200228,0,0,0,0,0,0,0,0,0,0,0,0,0,0,0,0,0,0,0,0,0,0,0,0,0,0,0,0,0,0,0,0,0,0,0,0,0,0,0,0,0,0,0,0,0,0,0,0,0,0,0,0,2,0,0,0
20200229,0,0,0,0,0,0,0,0,0,0,0,0,0,0,0,0,0,0,0,0,0,0,0,0,0,0,0,0,0,0,0,0,0,0,0,0,0,0,0,0,0,0,0,0,0,0,0,0,0,0,0,0,3,0,0,0
20200301,0,0,0,0,0,0,0,0,0,0,0,0,0,0,0,0,0,0,0,0,0,0,0,0,0,0,0,0,0,0,0,0,0,0,0,0,0,0,0,0,0,0,0,0,0,0,0,0,0,0,0,0,8,0,0,0
20200302,0,0,0,0,0,0,0,0,0,0,0,0,0,0,0,0,0,0,0,0,0,0,0,0,13,0,0,0,0,0,0,0,0,0,0,0,0,0,0,0,0,0,0,0,0,0,0,0,0,0,0,0,17,0,0,0
20200303,0,0,0,0,0,0,0,0,0,0,2,0,0,0,0,0,0,0,0,0,0,0,0,0,23,0,0,0,0,0,0,0,0,0,0,0,0,1,0,0,0,0,0,0,0,0,0,0,0,0,0,0,16,0,0,0
20200304,0,0,0,0,0,0,0,0,0,0,1,0,0,0,0,0,0,0,0,0,0,2,0,0,24,0,0,0,0,0,0,0,0,0,0,0,0,0,0,0,0,0,0,0,0,0,0,0,0,0,0,0,34,1,0,0
20200305,0,0,0,0,0,0,0,0,0,0,4,0,0,0,0,0,1,0,0,0,0,0,0,0,26,0,0,0,0,0,0,0,0,0,2,0,0,2,0,0,3,0,0,1,0,0,0,0,0,0,0,0,24,0,0,0
20200306,0,0,0,0,1,7,6,0,0,0,1,0,0,0,0,0,0,1,0,0,0,6,3,0,40,0,0,0,0,0,1,0,0,0,2,0,2,22,0,0,0,2,0,0,0,0,0,5,0,0,0,0,38,0,0,0
20200307,0,0,0,0,2,9,0,0,0,0,0,4,0,1,0,0,1,0,0,1,0,5,0,0,48,1,0,0,0,0,0,0,1,0,0,0,1,11,0,0,0,2,0,0,2,0,0,0,0,0,0,0,51,0,0,0
20200308,0,0,0,0,0,19,1,1,1,0,4,1,0,0,0,0,0,1,1,0,0,0,0,0,63,0,1,0,0,0,0,0,0,2,2,0,0,24,0,0,4,2,0,0,0,0,2,0,0,2,0,1,38,0,0,0
20200309,0,0,0,0,0,26,3,0,0,0,1,5,0,1,3,0,1,0,0,3,1,28,2,0,121,3,0,0,0,0,0,0,2,0,9,0,1,28,3,0,7,4,0,1,5,0,0,7,0,1,0,0,38,0,0,0
20200310,0,0,0,0,1,19,16,1,4,0,5,5,0,0,5,0,12,4,0,2,0,51,1,0,156,6,0,0,0,0,5,0,0,0,1,0,0,63,0,1,0,2,0,1,0,0,4,3,1,5,0,0,61,1,0,0
20200311,0,0,0,0,3,24,17,1,0,1,2,5,0,0,5,0,0,4,0,2,5,0,3,0,199,10,0,0,0,0,0,0,2,0,7,0,4,44,1,0,1,4,0,0,2,5,0,3,0,1,0,0,62,1,0,0
20200312,0,0,6,0,0,45,27,3,5,3,6,9,0,0,1,0,6,2,3,0,8,3,3,1,270,22,0,0,1,1,5,1,5,2,9,4,3,56,1,1,4,6,0,8,1,3,11,4,2,8,0,1,110,6,0,1
20200313,0,1,3,0,0,0,29,0,0,0,5,11,0,0,2,0,7,0,2,3,22,28,5,2,364,19,1,0,3,0,3,0,3,0,25,2,10,102,8,0,0,19,0,6,2,1,8,0,2,13,0,0,133,14,0,0
20200314,0,5,3,0,3,50,30,5,0,2,20,24,0,0,1,2,14,3,0,3,15,15,9,0,367,28,2,0,2,4,8,0,1,1,21,4,12,164,0,1,11,6,0,0,1,0,6,0,0,0,0,3,179,0,0,1
20200315,0,6,4,0,0,41,0,9,6,0,40,33,0,0,1,3,18,4,2,2,39,0,5,0,460,38,1,0,4,2,9,0,3,6,20,3,11,131,23,5,0,16,0,1,6,0,7,34,22,15,0,3,214,14,0,1
20200316,0,16,6,0,6,42,29,6,1,2,31,22,0,5,4,1,29,5,3,5,25,26,6,14,707,51,1,0,2,0,1,0,1,4,80,4,18,294,14,1,6,13,0,2,9,1,13,0,11,6,0,4,156,19,0,0
20200317,3,8,0,0,2,148,23,15,5,8,27,25,2,3,1,5,66,6,4,1,22,54,20,15,764,67,2,0,9,1,7,0,3,9,89,4,10,432,17,7,3,20,0,11,5,1,21,7,12,16,1,5,108,27,0,7
20200318,5,10,11,0,8,128,33,27,9,9,62,51,3,4,6,3,129,9,1,4,103,38,28,11,872,23,5,0,13,2,23,5,3,13,162,2,5,1009,21,12,8,37,0,11,27,0,25,19,12,10,0,2,300,38,1,5
20200319,3,22,13,0,16,313,61,28,8,5,99,90,4,2,9,6,134,17,18,9,107,72,22,10,745,18,11,0,16,2,34,9,3,5,313,5,23,1769,31,15,28,52,0,17,0,0,56,26,15,17,1,2,268,53,1,3
20200320,3,13,50,0,21,139,86,98,32,8,76,133,2,10,7,11,163,23,10,12,126,85,42,4,943,16,23,0,30,4,40,5,5,11,148,7,8,2950,50,5,13,83,9,13,21,3,74,67,34,20,0,7,290,61,5,1
20200321,1,43,22,0,39,216,112,0,6,7,142,87,1,11,23,9,168,47,11,7,107,112,41,16,804,24,26,0,60,4,47,8,6,10,437,8,15,3254,78,4,26,103,7,14,71,0,143,60,24,38,3,16,334,80,4,4
20200322,10,14,47,0,48,257,116,29,21,11,203,93,12,11,22,7,296,75,9,45,257,121,54,16,799,22,17,0,67,11,71,0,10,13,587,14,30,4812,104,14,0,108,2,25,43,7,134,28,45,67,0,8,304,110,1,1
20200323,13,29,9,0,113,197,129,192,18,12,298,172,2,8,15,3,224,58,18,5,335,131,44,18,1240,44,93,0,42,3,42,2,2,23,930,8,36,5707,91,14,47,165,8,16,103,7,110,24,76,35,11,24,197,41,4,2
20200324,4,48,44,0,92,369,192,203,21,23,176,254,3,21,19,32,262,106,16,20,216,382,61,18,1093,51,0,0,71,12,101,3,2,7,831,18,88,4790,122,25,30,207,8,19,0,2,52,425,42,36,0,21,192,59,4,3
20200325,7,68,62,0,93,253,174,257,46,24,283,221,5,13,21,22,330,112,28,33,407,679,74,24,1180,58,173,0,57,7,106,6,9,29,727,17,43,5145,140,58,18,276,12,28,126,11,117,263,47,101,0,28,463,142,19,15
20200326,14,223,55,0,127,651,344,137,48,15,497,278,8,5,34,46,673,168,42,41,510,579,157,6,1140,63,146,0,108,18,132,13,12,21,2474,12,99,6448,163,84,0,560,13,41,32,5,173,419,56,69,0,35,438,139,12,9
20200327,11,81,46,0,159,873,304,279,36,33,535,476,6,11,56,60,488,336,34,50,441,823,194,13,1324,75,167,0,94,37,127,9,12,29,1949,24,115,7379,270,74,118,531,15,31,0,12,246,337,78,144,2,25,441,163,25,17
20200328,17,109,23,0,137,764,327,233,37,51,659,365,4,14,63,38,465,251,59,54,569,1017,218,43,1066,47,169,2,84,21,172,19,11,27,2299,55,86,7681,269,55,87,533,21,64,83,10,170,317,122,135,3,28,435,165,20,12
20200329,19,110,22,0,46,1065,246,469,38,18,705,285,1,31,38,16,1105,282,58,92,225,698,247,42,919,38,0,0,95,25,105,17,12,44,2262,17,117,7195,247,52,65,643,27,105,235,22,164,504,117,151,1,21,462,142,17,4
20200330,8,53,47,0,238,739,320,578,59,32,876,158,2,24,88,45,461,272,49,45,485,797,174,22,1579,98,193,0,89,17,267,10,37,56,3250,29,258,6984,280,52,69,693,47,78,151,11,297,322,87,130,7,22,287,146,13,8
20200331,10,122,50,0,132,1035,339,557,94,55,852,1120,11,29,73,105,937,373,60,41,1212,868,247,28,1291,93,296,0,90,13,191,10,27,53,2060,44,117,9298,266,84,58,756,65,73,158,7,405,392,81,230,0,37,241,163,36,15
20200401,13,96,61,0,124,673,376,429,91,49,904,709,8,4,52,110,986,406,54,111,1187,1118,325,41,1592,57,254,4,136,24,86,22,38,48,3559,34,166,7917,348,154,84,962,47,100,210,21,444,730,125,234,0,27,568,236,29,21
20200402,8,156,59,0,185,1036,386,267,67,25,1032,710,5,50,65,144,715,474,70,89,2726,1228,346,32,1130,83,253,2,104,19,273,20,36,64,3335,48,179,8669,355,160,46,1211,30,62,261,36,162,669,62,222,3,39,462,219,26,20
20200403,11,199,61,0,171,1510,445,1090,104,57,1268,483,2,27,85,222,1209,398,68,90,1147,1436,427,56,1203,63,279,0,181,16,236,14,33,61,4305,40,56,10482,410,109,90,1404,62,101,0,22,222,659,172,306,5,31,452,223,20,12
20200404,11,148,39,0,250,1325,392,362,145,143,1281,329,9,34,87,122,1453,516,78,61,2199,1334,367,24,1002,39,178,0,97,22,309,13,42,81,4229,92,228,10841,427,171,73,1597,74,137,363,25,254,788,182,395,2,70,399,213,45,25
20200405,14,216,87,0,250,1412,385,399,96,80,1148,487,19,32,82,64,899,458,49,86,514,764,484,14,877,59,76,0,183,21,183,21,42,48,3381,48,94,8327,304,93,100,1493,23,182,132,28,312,681,177,230,2,52,416,167,42,10
20200406,6,172,45,0,187,898,222,1231,99,0,763,667,1,20,78,24,1006,533,98,38,1857,1337,436,29,1327,113,355,0,100,13,285,18,46,46,3585,81,117,8658,407,75,69,1470,38,206,0,48,169,480,70,241,1,31,207,223,21,13
20200407,22,151,71,0,119,1529,257,875,114,255,1159,1504,8,16,102,69,1287,563,55,53,1417,1365,326,20,1179,102,315,0,177,20,351,12,38,32,3326,62,134,8174,332,145,64,1579,60,261,368,32,336,988,63,455,0,32,171,198,67,6
20200408,13,250,54,0,151,1092,226,0,229,0,1006,1083,4,23,97,40,1529,436,146,141,746,1588,1158,18,1100,102,290,3,88,13,205,14,72,41,3021,108,231,10453,366,52,49,1680,47,273,135,73,224,1092,108,312,2,33,395,215,50,87
20200409,9,400,119,0,292,1352,547,2003,83,279,1046,665,3,25,125,22,1344,408,60,197,1253,2151,656,23,1032,103,212,0,257,22,225,18,48,31,3590,71,138,10621,364,160,58,1989,63,279,240,54,272,877,130,397,1,23,413,164,61,17
20200410,11,199,52,0,94,1163,308,754,137,119,1033,917,2,7,118,134,1465,556,60,347,970,2033,783,26,1076,95,260,0,209,11,257,9,68,66,3561,124,128,10575,366,110,82,1751,42,404,273,89,228,1441,126,467,4,49,346,222,31,20
20200411,11,223,55,0,281,1143,383,972,118,153,1088,676,3,23,122,58,1293,528,102,0,761,1886,726,30,808,74,225,0,173,12,404,15,65,44,3563,102,116,9946,372,74,50,1676,63,280,142,90,252,890,104,568,1,33,363,157,23,3
20200412,15,334,54,0,146,1179,410,525,97,0,1064,293,0,21,77,14,1672,493,69,147,581,2615,531,17,686,58,136,0,139,10,208,15,91,56,3699,83,136,8236,354,102,76,1178,109,289,112,104,194,923,97,197,0,20,309,142,34,21
20200413,5,209,130,0,163,554,388,1346,80,146,809,863,0,13,123,21,1173,308,39,123,421,1392,711,65,1036,148,228,0,161,7,296,23,23,35,2734,71,135,6337,371,99,80,1366,6,187,0,138,302,422,60,473,0,21,155,116,15,9
20200414,8,142,70,0,104,990,250,608,103,136,922,908,0,5,189,41,1222,291,50,85,502,1296,536,36,911,153,298,2,145,5,208,10,57,71,4240,100,117,7177,305,115,57,1146,20,267,234,120,213,718,49,424,0,7,90,166,14,10
20200415,8,237,89,0,156,1086,339,766,139,253,592,764,0,13,96,39,1346,428,68,162,433,1755,560,36,920,156,209,0,273,5,99,23,30,48,2206,139,123,11571,511,79,49,1145,51,307,103,180,256,868,130,329,0,9,371,207,62,10
20200416,7,232,51,0,272,1758,395,1129,153,61,897,682,0,13,146,49,1140,587,94,81,581,2263,752,26,922,165,216,0,264,11,342,28,51,72,4287,113,110,8505,623,94,30,1245,69,392,0,143,183,963,141,389,0,9,302,183,37,8
20200417,9,185,75,0,273,1346,372,925,126,248,1199,1525,0,11,191,22,1842,612,117,138,586,2221,788,31,865,182,172,0,169,7,394,46,114,76,3150,114,203,7358,693,108,73,1706,25,290,275,100,327,916,122,602,0,13,329,203,15,11
20200418,5,125,44,0,212,1435,386,0,190,0,1083,475,0,12,181,46,1585,487,85,93,462,1970,736,20,709,120,234,1,181,4,281,90,72,55,2953,87,102,7090,1115,105,49,1628,50,283,315,131,173,889,126,562,2,10,309,174,31,10
20200419,5,182,42,0,210,1370,297,741,127,215,741,632,0,21,389,13,1197,569,59,185,348,1705,522,20,528,126,150,0,300,7,353,56,149,50,3881,47,102,6054,1380,29,59,1215,95,339,131,93,308,663,138,484,0,11,347,163,78,4
20200420,2,188,142,0,135,645,376,2265,134,207,713,646,0,6,257,4,1151,476,137,253,595,0,854,8,937,276,140,0,238,0,271,42,187,55,3505,126,102,4726,1317,81,66,948,39,378,0,50,168,535,144,453,0,4,176,177,39,2
20200421,8,206,304,0,187,2283,341,545,171,186,746,934,0,4,482,64,1551,411,39,90,331,3122,509,13,1095,262,134,0,204,4,187,18,174,44,3581,101,107,4178,806,127,46,1296,46,387,62,70,156,738,83,640,1,3,96,156,12,13
20200422,6,234,49,0,208,2135,431,2109,108,269,859,859,1,2,107,30,2049,341,186,142,404,1745,582,19,1116,306,196,0,178,2,269,33,74,97,3478,138,144,5526,392,87,46,1156,-383,382,322,103,448,873,149,636,0,8,334,257,25,6
20200423,2,313,189,0,310,1973,384,631,155,108,697,772,4,6,176,36,1826,601,271,181,481,3079,962,30,989,512,184,0,259,3,388,32,91,82,4124,169,127,6244,577,123,57,1369,0,419,156,98,424,875,167,732,0,3,268,245,28,6
20200424,2,54,276,0,276,1885,993,821,167,134,1214,635,2,4,521,34,2724,641,295,108,401,0,879,28,1036,518,304,0,281,2,444,38,311,50,2207,142,190,8130,475,104,68,1599,-44,415,0,84,460,862,170,596,0,3,284,353,21,20
20200425,0,305,88,0,235,1883,713,661,171,134,734,548,1,5,647,34,2119,715,279,298,372,7325,1150,25,533,339,201,0,284,1,571,56,297,67,3327,139,141,10553,418,72,50,1397,7,305,336,107,463,967,166,772,1,9,275,351,32,18
20200426,2,133,112,0,246,1027,473,687,142,458,795,706,0,2,384,17,2126,617,118,126,261,1590,815,25,526,385,171,0,193,3,207,64,311,77,3515,66,63,5902,376,60,76,1116,13,276,237,65,478,858,175,604,2,9,351,248,24,11
20200427,4,229,76,0,190,1300,438,0,51,128,519,512,1,3,392,10,1980,949,154,169,295,1524,906,8,920,675,174,0,183,1,312,75,296,74,2150,97,88,3951,362,27,58,885,4,203,0,33,251,666,110,565,2,3,166,198,19,18
20200428,6,188,94,0,232,1567,437,1043,102,413,748,702,2,1,508,20,2219,627,163,72,218,1840,626,17,829,601,132,0,248,2,426,49,330,72,2668,151,115,3110,444,130,43,1214,3,324,123,68,134,874,110,804,0,7,114,230,16,16
20200429,4,155,81,0,254,1469,442,455,112,80,343,1008,1,2,467,35,2253,594,247,229,374,1963,736,16,950,680,122,0,227,0,380,42,16,44,2408,239,93,4585,534,63,31,1102,6,372,268,60,314,883,152,622,3,0,370,269,16,8
20200430,0,177,63,0,446,2417,526,933,217,79,514,532,1,4,302,32,2563,653,500,164,341,1940,893,39,1017,648,137,0,246,2,561,34,410,92,2388,198,100,4681,724,145,61,1397,51,348,214,76,369,1033,177,885,4,4,295,392,23,15
20200501,9,139,66,0,314,1525,484,1064,335,184,977,1115,0,5,739,31,3137,795,211,169,710,2106,1730,28,735,620,273,0,397,0,414,40,497,164,2538,102,229,3942,716,130,64,1208,9,317,163,76,1156,1142,156,1055,0,13,328,498,18,7
20200502,1,276,51,0,402,1755,457,0,139,120,703,1036,2,1,757,20,2450,665,297,171,429,1952,1001,29,432,335,319,0,229,2,586,46,557,119,2541,219,84,4663,592,103,69,1334,9,189,231,63,770,1293,153,830,0,6,247,370,33,13
20200503,3,291,59,0,276,1419,410,523,219,170,632,296,2,1,528,26,2994,638,284,0,200,1824,989,33,357,340,232,0,109,0,155,38,488,89,3031,118,112,3438,579,121,56,962,15,181,137,43,516,1026,194,940,0,11,318,307,22,7
20200504,2,300,27,0,279,1321,272,0,154,80,768,766,-1,0,534,0,2341,574,215,251,333,1000,946,20,780,824,368,0,327,2,184,34,584,70,1526,181,68,2538,560,72,45,825,13,291,0,37,394,784,142,821,0,5,113,311,15,10
20200505,1,260,38,0,386,1275,457,1334,152,83,574,343,0,1,408,45,2122,526,213,115,323,1184,709,21,688,641,162,0,330,-1,408,39,173,48,2332,107,103,2239,495,83,79,865,4,303,131,53,119,1037,132,764,0,5,85,358,32,8
20200506,1,296,72,0,402,2603,466,374,139,407,581,985,2,4,293,21,2270,837,276,577,403,1754,1046,28,634,634,186,1,217,0,502,56,355,104,1308,153,69,2786,607,74,80,888,1,342,179,58,248,1053,146,0,0,3,388,366,10,27
20200507,2,317,43,0,238,1799,541,789,193,161,625,743,0,1,655,31,2641,633,410,112,253,1696,1211,76,600,818,239,0,262,0,639,49,333,103,1749,202,103,3491,555,129,77,1070,7,271,0,126,158,968,129,1314,0,5,259,359,39,4
20200508,3,323,83,0,581,1898,456,627,245,172,344,667,0,3,398,20,2887,643,357,195,203,1612,1111,44,618,712,148,0,404,2,471,53,419,104,1827,180,118,2938,885,94,73,1323,16,231,206,239,345,1219,195,772,2,2,289,409,23,9
20200509,1,346,53,0,434,2049,548,573,203,166,765,426,0,0,214,27,2325,586,250,159,562,1410,1049,34,383,281,177,1,288,0,492,40,641,64,1646,105,144,2715,681,66,79,1078,5,286,389,249,327,1251,184,854,0,2,266,372,25,9
20200510,1,210,0,0,159,2119,328,570,170,170,681,909,0,2,288,25,1656,394,197,152,183,1050,1053,28,301,231,178,0,123,0,404,26,403,60,1457,85,70,2273,384,99,92,1295,6,186,122,124,217,1009,148,885,1,8,254,292,25,9
20200511,2,232,287,0,261,1259,176,211,117,118,383,486,0,1,414,0,1266,501,168,0,215,669,786,26,971,827,74,3,173,1,281,26,81,89,1415,206,54,1660,696,24,68,543,14,175,0,97,559,1000,111,989,0,0,126,226,6,7
20200512,2,301,130,0,356,1443,278,568,96,176,606,708,1,2,539,30,4014,500,0,237,235,870,688,15,1637,664,88,0,234,2,301,52,257,79,813,143,159,1430,473,119,58,837,8,219,274,49,567,1179,70,730,0,1,61,211,5,6
20200513,1,307,0,0,440,1759,318,522,99,211,799,697,0,1,377,33,1677,346,352,176,612,1165,751,38,817,729,136,0,182,1,470,74,120,60,833,152,83,2176,471,120,0,707,2,196,0,69,259,1355,188,946,0,2,294,318,27,13
20200514,5,351,72,0,498,2023,363,609,152,271,792,526,1,3,386,31,3239,580,0,227,827,1685,1091,50,578,793,175,0,393,0,691,67,383,83,1157,139,105,2390,636,110,130,938,9,228,262,60,329,1448,129,1067,0,1,251,420,29,13
20200515,1,248,227,0,495,1772,394,621,135,150,786,823,1,-1,374,27,2432,602,418,145,348,1239,1083,38,651,798,139,0,318,4,622,51,341,82,1219,159,115,2762,597,124,63,986,15,232,218,95,271,1347,164,859,0,1,312,475,14,15
20200516,4,307,115,0,462,1857,401,618,171,174,480,466,0,1,279,38,2088,625,0,219,280,1512,982,45,336,342,219,2,322,2,853,87,356,92,1197,185,95,2419,520,151,62,989,26,252,0,72,318,1801,155,1011,0,1,271,534,16,25
20200517,4,248,181,0,306,2046,305,716,81,123,1136,554,0,1,323,30,1734,498,0,244,315,1077,836,39,255,311,114,0,173,0,530,51,448,40,1251,91,148,1889,449,73,71,623,33,125,409,28,100,785,170,705,0,8,282,379,33,13
20200518,3,315,54,0,233,1591,264,697,147,199,654,380,0,1,304,0,2294,477,454,0,277,1042,958,26,534,971,156,0,136,2,511,31,128,56,1712,158,49,1250,531,88,11,822,48,137,126,40,623,909,146,752,0,0,118,185,1,12
20200519,0,290,110,0,396,1365,280,314,164,168,612,640,0,0,394,36,1545,450,0,381,329,873,1784,28,764,855,135,0,272,1,677,60,277,69,988,96,140,1474,498,91,64,610,12,215,114,58,367,1219,134,1005,0,4,64,250,18,10
20200520,3,368,80,0,331,2262,315,587,117,157,475,926,11,1,265,21,2388,569,199,0,278,1045,777,78,575,767,152,0,263,7,422,81,221,147,1405,125,120,1525,484,43,39,0,-1,187,0,92,154,1411,192,763,0,1,319,577,36,11
20200521,0,375,455,0,418,2140,394,191,237,192,1190,758,0,2,556,30,2268,662,0,206,1188,1114,1208,58,459,973,108,1,255,1,738,95,276,67,1100,155,89,2088,731,148,75,1726,7,169,119,73,429,945,164,1229,0,5,299,523,48,14
20200522,2,444,154,0,293,2247,296,432,105,143,725,813,0,4,334,28,2758,473,419,11,421,805,893,71,465,792,218,0,402,0,758,70,303,79,1265,153,146,1696,627,169,16,866,8,201,463,106,433,1181,183,813,0,2,268,548,23,2
20200523,4,375,0,0,431,2187,477,382,73,161,733,914,0,-5,389,61,2352,492,0,140,115,773,1071,65,218,391,194,0,381,0,1107,49,237,75,410,170,295,1772,614,111,47,725,649,108,257,112,395,1060,203,799,0,2,297,503,101,10
20200524,0,389,310,0,300,2079,210,446,0,119,545,706,1,1,359,31,2508,475,0,145,129,1013,818,42,164,356,236,0,247,0,497,54,327,60,1055,148,74,1589,503,77,24,730,-640,84,201,95,356,839,132,495,0,3,313,410,42,25
20200525,1,403,107,0,222,1848,95,405,259,156,980,506,0,0,325,0,1713,339,260,0,640,596,839,19,175,403,179,0,206,0,742,40,145,48,943,83,109,1249,566,53,39,473,10,70,82,23,462,623,129,1483,0,6,151,318,15,5
20200526,2,666,151,0,222,2175,296,430,109,101,503,386,3,0,126,0,1178,363,0,0,245,422,535,35,443,784,124,0,273,0,176,43,221,34,676,104,118,1072,529,47,22,451,1,154,238,67,358,589,99,1615,0,5,102,296,80,7
20200527,1,447,97,0,479,2247,202,-15,72,30,475,691,1,0,657,73,1111,359,119,506,443,527,736,28,386,680,201,0,313,2,488,17,264,55,880,122,116,1129,433,92,18,780,19,133,207,57,341,1361,86,907,0,2,149,646,13,10
20200528,13,467,261,0,501,2717,354,271,86,75,614,649,2,1,213,32,1527,631,0,0,305,675,1286,52,336,571,181,0,328,4,784,41,357,100,1204,112,95,1768,476,41,71,625,20,132,165,83,373,1855,215,1152,0,4,400,564,39,16
20200529,5,513,0,0,702,2189,492,203,46,65,1221,600,0,3,353,38,1622,490,382,107,0,617,1279,37,319,454,122,0,418,8,1076,40,285,106,1050,129,142,1551,651,68,48,1297,13,178,343,73,406,1230,343,1132,0,1,351,766,45,15
20200530,3,536,475,0,790,2992,485,260,179,186,752,616,1,2,318,34,1462,653,0,280,775,789,1027,56,205,168,167,0,439,12,1185,34,393,53,778,131,145,1376,468,80,45,692,7,104,263,94,481,1332,269,1078,0,2,302,539,23,7
20200531,28,544,240,0,681,3705,280,179,84,76,870,700,0,2,308,36,1343,363,0,240,339,664,763,43,247,141,185,0,272,10,916,23,251,106,846,65,98,1110,479,88,54,515,4,76,467,33,440,1949,264,996,0,4,344,182,36,5
20200601,7,460,190,0,187,2423,199,542,56,107,700,632,2,1,145,0,974,256,292,342,425,3840,549,24,245,575,180,0,251,4,674,47,196,34,474,111,95,941,471,67,58,352,0,99,287,41,548,593,202,791,1,4,149,172,7,7
20200602,20,279,0,0,1127,2304,211,236,29,80,602,589,2,0,319,67,1614,407,0,139,405,358,848,28,290,479,248,1,268,4,626,22,244,64,640,224,142,1329,366,119,59,612,1,107,267,33,821,1688,203,841,0,2,100,419,24,2
20200603,18,209,624,0,983,2377,272,112,130,27,1209,687,1,1,39,27,982,475,159,225,387,429,807,41,279,513,192,0,302,2,888,33,266,46,554,116,101,1045,442,113,33,512,8,105,236,95,447,1703,295,666,0,2,410,506,30,3
20200604,10,221,0,0,520,2120,300,148,104,34,1265,953,1,0,750,57,929,384,0,295,429,471,876,28,234,401,290,3,238,14,1189,26,255,81,480,213,159,1048,490,102,64,538,9,117,354,85,298,1649,316,951,1,36,417,532,21,6
20200605,11,315,584,0,1579,3094,255,221,79,27,1019,774,0,2,347,64,1156,482,223,272,427,494,912,36,205,398,196,0,199,2,1289,40,251,77,822,319,176,1075,476,0,75,445,8,105,448,30,400,1693,439,676,0,2,382,406,27,12
20200606,12,656,450,0,1119,3115,233,358,70,72,1244,688,0,9,326,57,975,419,0,310,497,575,712,42,93,165,189,0,10,-1,1370,71,262,66,576,128,194,1108,353,96,96,701,30,68,463,90,551,1940,546,865,0,17,327,338,12,6
20200607,8,457,325,0,1438,2796,153,150,63,97,1392,589,0,9,189,28,867,400,0,0,330,304,491,46,55,135,111,1,501,5,921,44,164,24,280,140,189,781,365,147,92,506,4,49,370,71,310,1425,268,1284,0,17,393,275,13,8
20200608,18,425,314,0,789,2507,182,124,57,30,1029,599,0,2,320,0,1382,226,257,189,234,190,431,18,135,448,181,1,498,3,938,19,91,36,341,122,137,702,361,55,146,351,9,45,514,33,563,638,256,570,0,12,163,222,9,13
20200609,11,497,340,0,618,2170,164,87,85,48,1158,752,1,1,249,50,797,410,0,232,562,263,500,18,63,430,179,2,0,6,676,22,118,53,314,43,244,683,325,158,114,493,13,68,428,52,631,1637,237,487,0,8,110,300,16,10
20200610,20,567,288,0,1556,2702,152,168,63,36,1242,731,2,6,315,31,625,304,162,175,418,267,561,31,15,333,274,0,715,7,1011,40,131,46,567,145,134,674,413,117,66,410,16,104,531,81,486,2504,305,439,1,11,510,336,19,10
20200611,18,856,448,0,1412,3090,148,114,52,50,1669,993,1,3,387,40,766,411,0,62,442,511,732,30,267,219,203,0,0,2,1310,38,142,31,486,117,235,736,429,146,72,467,1,87,682,61,477,1826,388,470,0,16,409,371,24,29
20200612,14,865,731,0,1654,2702,175,228,65,67,1634,810,1,7,399,42,732,398,235,0,523,392,416,54,223,45,195,0,608,10,1768,36,290,42,373,159,277,822,420,222,177,66,40,81,729,77,588,2097,325,564,0,10,371,354,21,18
20200613,26,891,0,0,1540,3660,195,305,55,56,2476,1018,1,14,380,51,673,397,0,500,1288,336,692,36,164,2,225,0,257,15,1427,42,198,48,460,95,270,916,424,225,140,463,17,49,785,91,415,2331,404,658,0,5,400,294,26,23
20200614,9,1014,954,0,1233,3212,113,94,58,35,2133,880,0,17,209,46,672,366,0,0,336,208,396,36,218,6,0,0,168,13,1443,22,120,19,290,102,227,694,300,158,158,336,11,32,840,65,891,1843,332,637,0,2,390,251,30,10
20200615,3,657,416,0,1014,2597,169,147,32,76,1760,733,0,5,127,0,473,521,372,202,553,87,331,17,31,222,379,0,283,8,983,22,92,27,230,122,106,620,428,186,101,323,6,76,583,30,728,1254,295,380,1,1,193,206,9,19
20200616,13,640,274,0,2392,2108,143,114,19,63,2691,664,1,8,126,63,623,356,0,182,534,195,377,9,184,189,225,0,353,5,751,23,126,19,345,88,379,631,434,228,184,362,2,52,612,38,670,4098,329,445,0,3,136,298,43,10
20200617,20,400,415,0,1827,3455,231,80,29,41,2427,952,2,4,282,78,546,227,262,166,928,266,560,17,228,414,211,0,489,16,1002,39,180,72,307,132,184,567,412,259,278,335,7,51,566,84,313,3129,407,444,0,0,520,285,35,25
20200618,12,894,322,0,2519,4084,228,11,56,55,2694,882,5,4,393,92,593,425,0,202,0,271,260,42,301,379,283,0,0,25,1333,29,195,14,428,88,234,618,700,450,120,418,10,71,992,59,686,3516,495,463,0,6,494,461,42,30
20200619,16,796,703,0,3246,4317,286,117,49,112,3313,1097,7,18,421,111,831,308,378,257,-119,228,319,35,299,356,293,0,0,11,1652,32,189,36,410,107,410,796,609,352,148,526,3,59,1083,49,1188,3454,586,555,1,8,460,323,17,29
20200620,21,547,511,0,3109,3893,162,158,32,70,4002,1800,22,27,221,128,634,315,0,176,870,286,408,25,448,436,389,0,0,32,1549,25,176,32,367,170,445,716,531,331,206,504,32,36,1155,67,429,4430,643,650,0,4,542,413,51,6
20200621,11,472,0,0,2592,4515,190,40,36,94,4617,892,0,14,467,135,658,362,0,120,393,125,350,19,166,453,413,0,0,19,1412,37,116,26,325,135,274,664,546,478,178,464,2,27,907,72,656,3866,394,551,2,12,521,289,57,18
20200622,6,433,941,0,2196,4230,166,27,38,45,2751,1227,2,11,88,0,462,210,406,89,461,149,297,14,246,307,140,0,1646,23,804,25,103,14,286,129,330,552,729,218,187,456,7,59,1008,29,451,3280,444,471,0,4,315,263,9,33
20200623,16,643,595,0,3593,5019,188,117,36,27,3798,1750,1,2,322,248,601,238,0,302,1356,229,404,23,240,242,0,0,611,3,848,7,147,13,351,144,462,597,590,295,146,510,10,77,912,27,750,5489,394,529,0,2,191,297,30,24
20200624,14,967,697,0,1795,7149,262,14,34,42,5471,1703,6,3,332,148,715,269,505,222,882,172,330,23,358,294,725,0,526,23,1721,41,135,27,196,152,595,581,632,482,191,495,27,51,1284,66,932,5551,484,520,2,20,724,466,47,28
20200625,24,1142,687,0,3056,5349,324,81,31,91,4991,1714,14,16,492,243,894,515,0,254,938,226,440,53,434,360,553,0,1092,37,1009,32,129,40,324,202,887,749,892,438,170,579,2,45,1125,60,799,5996,590,432,2,7,620,464,32,44
20200626,18,977,0,0,3518,4890,317,65,26,37,8814,1900,3,15,489,220,910,485,568,242,1354,233,338,32,340,493,493,0,550,26,1635,28,125,33,419,216,381,805,987,395,124,600,4,69,1313,56,1410,5707,676,624,1,7,676,563,51,42
20200627,19,900,678,0,3503,5972,226,147,31,74,9534,1990,0,16,326,283,786,435,0,0,0,373,335,52,350,417,347,0,465,23,1719,37,178,46,313,211,479,703,817,299,250,0,19,36,1604,91,728,5742,578,677,0,2,661,559,49,24
20200628,29,358,570,0,3857,4810,285,97,32,135,8354,2225,0,6,477,171,646,355,0,373,1467,224,327,37,267,516,314,0,361,11,1605,35,251,30,331,190,821,616,854,302,276,1126,22,22,1381,55,0,5357,472,489,0,3,626,480,56,25
20200629,21,1734,947,0,625,8009,204,59,44,150,5363,2207,7,27,293,0,738,298,905,115,845,101,477,28,277,312,468,0,675,56,1342,46,124,13,106,173,734,391,737,228,247,492,14,36,1324,35,2125,4288,564,453,0,6,493,326,53,33
20200630,36,870,520,0,4682,9480,204,152,35,98,6027,1874,4,1,225,433,724,366,0,277,1014,114,305,34,505,442,508,0,680,48,1186,38,143,22,438,165,562,524,743,585,144,618,55,40,1755,48,1212,6975,553,598,3,0,266,629,35,37
20200701,38,917,420,0,4877,7407,314,58,38,36,6545,2946,8,17,444,365,828,358,547,218,2083,261,359,41,361,413,376,0,653,49,1843,39,135,20,299,129,645,625,1076,355,171,636,36,65,1520,62,1806,8076,499,416,6,2,989,563,27,27
20200702,38,1149,878,0,3333,6408,323,74,25,221,9442,3472,13,9,758,253,869,435,0,237,1383,195,505,34,589,494,356,0,870,67,1629,43,133,20,468,244,632,875,1301,427,275,832,38,59,1782,67,1575,7915,554,532,2,17,920,584,121,36
20200703,45,1754,547,0,4433,5688,267,71,45,192,9324,2784,6,20,220,223,937,528,929,297,1728,290,538,45,497,414,547,1,0,45,2099,63,142,35,435,256,985,918,1091,526,363,667,24,22,1831,85,1822,7555,596,658,6,9,884,622,73,32
20200704,49,997,587,0,2695,9153,247,0,12,73,11330,2826,2,29,612,401,862,517,0,0,0,210,380,24,406,0,385,0,1904,39,1413,57,208,0,323,287,857,726,926,580,342,634,26,27,1854,50,1428,8258,676,716,13,2,888,776,15,24
20200705,27,1091,0,0,3536,8597,199,0,35,132,9856,2197,0,24,312,376,639,576,0,0,1937,136,291,18,360,512,221,0,226,45,1329,36,167,40,382,193,843,533,968,283,294,479,29,24,1461,35,1291,3449,410,639,0,11,453,533,121,28
20200706,27,925,1044,0,3352,5699,192,259,33,165,6237,1548,13,24,304,363,614,323,982,776,1101,163,272,8,328,433,420,0,357,37,1546,33,102,17,233,251,491,518,805,434,300,450,225,55,1533,42,724,5318,517,354,1,2,241,490,180,41
20200707,18,907,259,0,3653,6090,407,57,54,121,7299,3406,2,7,372,319,587,295,0,367,1936,201,492,17,631,564,773,0,957,78,1346,51,117,18,306,220,876,588,948,858,165,995,76,41,972,58,1359,10028,564,638,4,3,301,535,19,36
20200708,40,1177,0,0,3520,11694,452,75,73,48,9947,3420,4,41,480,487,980,437,717,400,1888,264,465,20,651,456,575,0,674,44,1435,73,155,20,215,290,516,692,1277,673,210,849,24,0,1557,79,2472,9979,722,635,6,2,985,645,246,29
20200709,47,2212,1540,0,4057,7031,409,101,37,69,8890,2837,2,23,731,430,1018,512,0,326,1843,295,586,26,512,574,795,0,703,95,2039,99,224,21,243,234,603,584,1150,603,212,719,64,39,1782,94,1605,9782,601,613,22,14,1062,800,119,34
20200710,50,1334,751,0,4221,7798,666,78,64,121,11250,4484,1,36,744,459,1327,725,993,425,2642,213,463,13,622,604,0,0,1031,127,1982,84,198,18,439,298,1004,786,1525,596,371,1009,116,69,1728,65,1955,9765,867,943,9,5,972,889,157,16
20200711,63,1439,0,0,3038,8047,400,0,58,91,10274,3190,2,28,663,500,1195,779,0,451,2167,288,557,21,685,804,1134,0,797,84,2462,88,154,33,367,224,930,730,1358,687,266,813,84,0,2280,53,1460,10351,632,851,14,5,866,981,91,49
20200712,92,1640,1564,0,2537,8460,322,0,46,61,15149,2525,0,42,424,577,954,533,0,268,1319,199,642,19,406,710,310,2,868,81,1908,91,221,30,378,255,845,677,1378,456,397,577,148,0,1949,45,954,8196,629,888,14,13,850,797,133,23
20200713,59,1958,572,0,1357,8358,329,223,59,75,12207,3643,0,20,458,397,883,425,1447,264,1705,230,418,19,422,491,447,0,393,85,1827,102,174,14,258,263,832,557,1261,510,319,476,228,175,1520,25,3314,5655,546,972,25,6,542,505,52,42
20200714,43,1710,794,0,4273,7346,444,20,40,90,9183,3394,0,23,320,500,707,648,0,570,2215,303,733,8,666,398,936,0,862,109,1956,54,227,23,455,223,1104,912,1142,993,268,929,93,101,2221,48,1514,7261,448,801,0,4,344,967,148,47
20200715,51,1812,564,0,3257,11126,469,106,80,81,9992,3871,1,21,442,316,1187,685,875,454,2089,217,756,12,1049,572,888,3,1025,144,1782,71,318,22,413,327,849,831,1316,1075,367,994,139,52,1856,80,2273,10791,413,1084,37,12,1093,848,150,34
20200716,64,2021,817,0,3259,8544,571,114,50,64,13759,3441,1,28,841,727,1257,710,0,406,2280,234,648,20,926,605,708,0,1230,135,2160,103,262,26,271,297,1447,769,1290,628,276,781,76,71,1838,42,2479,10291,954,904,6,10,969,942,100,41
20200717,42,2003,648,0,3910,9986,618,143,39,223,11174,3908,0,19,590,688,1427,733,1032,522,2179,298,707,38,754,666,866,1,1032,135,2051,122,155,26,99,318,1380,776,1679,699,428,1032,153,82,1977,95,2279,14916,727,1002,14,9,1000,929,126,43
20200718,62,2143,0,0,2742,9199,444,0,79,92,10173,4689,1,23,185,619,1276,841,0,579,0,359,835,10,745,457,960,0,1017,105,2481,115,227,23,308,280,1182,754,1542,916,293,763,189,0,1552,73,2517,10158,760,940,20,3,861,1031,111,39
20200719,83,1777,771,0,2359,9329,354,0,67,90,12385,3251,0,20,816,550,965,917,0,977,3116,296,925,41,530,734,846,0,792,62,1820,113,120,15,-7,235,1288,502,1110,209,347,786,330,0,2374,44,1779,7300,785,1057,14,10,908,849,148,18
20200720,73,1880,1394,0,1559,6846,424,162,78,0,10405,2452,4,27,443,571,1173,635,1369,253,3186,255,554,24,527,903,530,0,1251,88,1268,106,102,46,201,244,948,519,1236,168,430,711,220,111,1459,37,1639,7404,409,945,7,10,535,727,100,61
20200721,90,1467,728,0,3500,9231,493,41,88,227,9263,3413,8,12,308,393,955,710,0,646,1691,244,860,12,664,350,1138,1,1635,91,1815,82,264,13,353,302,815,855,1047,893,268,1027,244,82,1892,76,2190,9305,486,996,4,7,343,1161,57,51
20200722,94,1455,591,0,1926,12807,639,127,102,46,9664,3314,3,25,319,556,1598,757,770,480,2771,287,627,0,671,504,1301,0,1547,101,2140,159,343,33,443,311,1129,705,1527,975,292,631,75,76,1705,58,2473,9879,566,1022,12,2,1000,747,7,50
20200723,64,2399,1013,0,2335,12040,616,9,42,132,10112,4286,2,17,841,500,1624,929,0,607,2296,327,664,14,701,760,1637,0,982,97,1892,125,296,23,294,335,1262,811,1444,668,254,962,244,86,1564,66,2570,9507,521,844,16,11,1096,1086,344,59
20200724,57,1793,990,0,3357,9718,666,544,78,278,12320,4813,5,55,637,414,1599,996,1005,784,2084,338,930,20,641,767,1652,0,1610,129,2102,122,332,57,502,312,966,753,1560,1147,320,1213,220,76,2001,57,2091,8701,863,1127,0,5,1027,1058,145,58
20200725,88,2125,0,0,3740,10066,809,0,68,-27,12045,3787,0,59,400,528,1426,922,0,833,0,283,1288,33,0,803,1357,1,1434,221,2097,121,356,40,554,313,931,750,1438,965,391,1054,248,0,1401,105,1718,6020,661,1245,16,13,907,988,126,41
20200726,185,1164,1374,0,1973,8259,547,0,63,115,9246,2765,0,71,529,563,1541,852,0,315,3840,369,694,24,1589,862,1218,1,1207,82,1621,140,221,21,539,254,1018,536,889,1204,388,800,194,0,1191,90,3140,5810,350,958,9,4,810,965,139,29
20200727,94,1821,824,0,1813,6891,229,207,78,116,8804,2890,9,63,354,350,1231,535,1063,522,2343,289,1128,18,512,650,1123,0,653,39,1625,111,223,5,477,460,997,608,1104,1401,266,839,180,291,1218,49,2553,4267,436,1505,3,2,475,601,94,45
20200728,108,1251,734,0,2107,6000,749,94,87,70,9138,4209,3,28,223,517,1076,771,0,525,1121,256,648,6,785,478,1773,0,1342,94,1749,151,281,59,526,289,1105,534,1320,1089,330,1120,169,210,1692,48,2555,8342,446,922,11,3,337,783,119,69
20200729,68,1416,787,0,2339,8755,482,463,54,126,9320,3271,2,46,500,528,1393,621,698,601,1735,502,761,28,1016,666,1927,0,1505,201,1763,89,258,13,524,345,870,715,1396,848,328,834,115,75,1737,149,1778,9042,339,999,10,1,1001,924,153,39
20200730,84,1980,791,0,2525,10197,408,130,58,87,9835,3963,3,108,761,457,1772,954,0,659,1708,414,892,22,807,745,2084,2,1775,138,2344,72,265,31,239,252,1018,777,1733,1117,305,860,220,150,1726,44,2049,8800,502,911,0,1,959,1091,96,58
20200731,106,1961,752,0,3212,8086,605,140,69,99,8900,4066,2,124,544,567,1980,901,942,765,1799,514,1169,24,793,771,1489,0,1168,151,1954,167,344,39,727,212,1264,644,1533,747,410,970,77,72,1444,79,3088,8839,500,984,21,8,898,855,220,40
20200801,144,1626,662,0,2992,6542,458,0,79,89,9502,3660,11,122,394,475,1639,968,0,572,0,428,1019,25,758,725,935,0,1134,116,1730,132,445,30,426,196,986,753,928,1244,361,888,546,0,1583,103,2225,9539,506,913,15,5,751,1124,93,43
20200802,136,2095,0,0,1465,9032,449,0,69,72,7056,3165,0,86,516,393,1467,735,0,462,3467,418,909,21,429,759,582,3,672,112,1341,57,180,21,357,220,1131,531,944,494,325,654,292,0,1189,88,1443,6226,473,981,0,4,711,932,119,39
20200803,58,1217,1424,0,1030,5739,252,252,39,106,4814,2258,1,45,349,230,1298,576,1064,323,1099,199,870,12,613,613,1047,1,572,40,1313,127,311,26,293,114,994,545,932,377,280,565,278,224,1163,65,1009,5303,354,1324,18,1,416,411,119,40
20200804,61,1041,784,0,1008,4526,426,48,85,82,5357,2513,7,206,201,331,1471,822,0,689,3615,546,710,5,801,602,1193,0,1074,81,1629,149,254,33,404,210,980,746,1143,861,269,854,300,144,1239,59,1805,9167,378,1145,24,5,238,770,78,36
20200805,55,952,912,0,1698,5295,594,115,45,159,5424,3765,14,143,617,559,1759,720,841,544,1482,440,572,17,718,617,1241,0,1245,115,1127,122,222,26,392,226,649,636,1199,1101,333,705,271,91,1282,89,1657,8706,421,798,18,5,871,939,108,39
20200806,40,1938,735,0,1444,5258,448,20,75,69,7573,3182,8,172,702,473,1953,1040,0,513,1303,231,579,5,763,861,1062,1,956,173,1979,122,311,23,419,207,729,703,1166,837,280,807,140,130,1325,105,2252,7598,587,818,20,10,872,875,118,35
20200807,55,1709,1011,0,1406,8436,457,75,71,80,7541,4109,14,151,504,692,2103,1239,921,542,1500,417,801,17,814,545,996,0,1036,155,1545,149,332,37,403,192,976,714,1204,854,246,758,406,127,1422,98,2432,7039,460,2015,21,1,768,1043,156,42
20200808,79,86,0,0,1054,7371,431,0,64,57,8343,4423,1,201,418,523,2190,1033,0,782,0,420,775,12,721,916,0,1,1210,132,1954,179,283,39,411,150,886,703,1294,825,411,813,343,94,1241,106,1803,6959,376,1307,6,6,732,1185,130,13
20200809,97,2947,1344,0,816,8373,336,0,100,73,6139,3169,0,231,506,573,1382,1041,0,404,2653,329,922,16,535,797,0,0,527,63,1452,91,141,13,366,200,811,515,879,486,374,760,361,74,975,128,2127,4879,376,897,19,5,674,622,131,37
20200810,68,1686,645,0,600,7751,379,247,54,59,4150,2429,6,152,282,176,1319,664,1092,272,562,275,755,7,580,618,2575,1,476,65,626,117,187,9,278,129,742,476,883,397,262,601,385,28,724,58,1202,4455,263,663,0,3,364,521,60,-8
20200811,49,831,383,0,1214,12500,402,117,89,65,5762,3563,16,140,258,429,1549,870,0,539,1164,392,585,1,907,323,981,0,644,87,1051,169,264,21,491,199,548,667,1095,765,216,828,286,119,971,50,1001,9803,362,996,29,12,213,767,121,31
20200812,61,935,703,0,706,11645,315,22,63,0,8095,3565,15,320,477,495,1645,660,817,1152,1179,293,541,20,476,464,1595,0,1081,164,1166,87,334,26,494,173,528,700,1422,670,286,849,564,76,844,102,1478,6200,338,776,63,5,824,531,133,13
20200813,82,771,652,0,1351,7085,463,76,65,268,6227,2515,28,354,530,538,1834,1043,0,741,1135,319,776,19,1167,690,1267,0,612,139,1763,200,214,34,709,171,602,737,1178,705,248,991,110,111,935,82,2118,6755,334,1101,43,6,725,968,143,33
20200814,100,752,626,0,927,7934,319,115,94,373,7997,3227,25,0,596,498,2296,1067,1338,612,1298,212,715,26,868,730,1473,1,944,134,1346,152,416,43,604,173,1099,727,1131,794,278,829,451,95,932,127,1947,7018,552,1216,22,17,632,1059,123,64
20200815,84,1271,-400,0,933,12614,300,0,41,56,6291,3273,0,231,861,542,1828,1044,0,632,0,366,818,29,1058,690,1127,0,825,118,1536,123,328,16,323,142,859,734,1117,901,313,850,339,104,1041,94,1289,8245,345,912,30,9,628,866,183,44
20200816,101,853,673,0,883,7873,338,0,61,55,3747,1862,14,282,635,304,1562,739,0,385,1181,303,519,24,477,739,1078,0,381,91,1246,143,253,8,50,106,697,607,613,544,405,660,182,75,615,156,1961,6204,331,937,7,5,673,699,107,59
20200817,50,571,412,0,468,6469,194,370,53,85,2649,1831,42,217,294,183,1773,591,1282,376,567,213,503,29,490,564,1148,3,276,42,564,59,131,16,338,92,662,408,775,369,244,384,472,58,456,86,1036,7908,242,734,19,12,359,469,68,45
20200818,66,1357,410,0,915,4636,261,-12,52,57,3787,2816,19,173,229,282,1740,841,0,608,640,175,520,16,654,345,794,1,795,54,1263,133,191,13,380,79,672,655,861,615,189,735,648,120,719,83,1034,7282,263,861,36,3,164,709,99,32
20200819,73,1117,729,0,637,6164,270,59,29,50,4080,2305,22,394,337,384,2295,489,723,627,778,827,414,21,688,557,1258,0,1348,110,1153,188,262,19,382,170,389,631,958,597,225,570,81,103,739,123,2022,7024,364,737,32,2,670,710,70,67
20200820,83,971,549,0,723,5920,329,118,55,75,4516,2759,105,235,727,370,1832,941,0,700,918,313,580,19,527,690,1058,0,894,116,1972,274,215,14,141,202,556,601,1122,746,194,791,124,76,909,125,1375,5303,461,863,41,4,624,769,181,38
20200821,69,321,887,0,619,5585,356,87,60,52,4616,2889,63,0,991,424,2293,1040,966,639,899,488,670,32,0,825,1231,0,874,144,2008,231,308,21,325,144,849,709,1043,1077,295,693,438,151,1058,193,1669,5021,463,978,63,4,628,848,84,56
20200822,88,1762,547,0,996,6556,297,0,65,58,4260,2592,0,228,729,249,2356,1000,0,0,0,144,624,32,1426,734,1293,0,945,160,1729,256,278,21,459,207,636,653,1119,853,256,796,268,153,917,251,1239,5559,369,1212,28,11,509,975,119,19
20200823,66,528,375,0,208,6777,260,0,56,67,3004,1727,53,284,540,293,1893,615,0,1264,1223,0,579,18,764,717,818,0,626,53,1472,138,154,15,282,94,532,572,637,566,289,619,195,88,693,141,1854,4398,301,894,0,5,551,479,87,36
20200824,71,1650,320,0,311,4946,198,492,49,47,2224,2304,87,244,358,191,1612,1660,1545,370,623,662,567,21,878,714,869,0,511,60,1283,126,109,27,258,73,409,408,849,357,227,426,445,39,563,149,667,2847,249,664,24,8,274,414,40,24
20200825,33,532,480,0,859,4480,459,29,45,20,2665,2101,77,384,661,217,1680,829,0,669,550,398,377,12,951,409,692,0,801,135,1345,233,158,16,355,66,403,629,844,650,218,561,70,70,937,134,813,6346,403,1005,14,6,217,687,83,31
20200826,52,2012,649,0,186,6004,193,180,38,24,2937,2236,136,0,941,405,2157,938,1536,662,1545,336,440,21,843,529,1426,0,904,161,1244,233,301,9,326,197,253,566,1089,666,236,501,18,82,605,292,1936,5407,407,823,32,4,632,786,145,50
20200827,84,1769,722,0,680,4430,350,130,72,-10,3229,2484,112,276,1551,305,1707,1145,0,748,677,368,577,25,863,1154,1512,0,585,144,2091,332,379,35,360,188,554,791,1244,712,180,620,459,135,505,343,1826,5600,383,0,22,11,609,912,93,38
20200828,116,1162,838,0,519,5329,430,145,57,107,3732,2298,55,306,1185,342,2434,809,1111,779,606,460,601,22,793,850,1418,0,599,134,1415,307,374,22,399,122,632,636,1296,710,190,835,257,94,1353,323,1636,4031,391,2134,23,4,598,864,191,41
20200829,93,1704,795,0,629,4981,268,0,74,266,3132,2386,60,264,778,262,1880,1121,0,820,0,446,630,53,0,1017,1198,2,735,188,2585,372,335,30,393,136,609,635,1216,1093,293,843,260,174,1298,425,1465,4762,458,1217,43,12,533,862,143,21
20200830,43,1346,478,0,374,6070,182,0,34,-6,2547,1215,0,309,971,293,1992,879,0,455,1624,199,497,23,1390,932,1465,0,647,89,1051,221,317,8,314,105,447,698,922,667,239,670,243,46,1075,380,835,3824,448,938,11,11,499,570,143,36
20200831,36,823,368,0,174,4176,201,384,33,86,1876,1498,48,200,608,190,1668,883,1564,364,326,304,458,14,499,675,1042,0,274,81,1186,114,293,21,372,69,320,656,895,713,261,521,247,46,668,187,1818,2615,253,847,5,5,325,268,140,22
20200901,35,1558,273,0,507,3712,351,127,57,106,7487,2226,52,133,591,221,1492,695,0,789,689,355,614,22,795,491,1058,1,634,88,2111,192,241,22,380,108,405,754,1453,666,159,770,108,53,854,240,1396,4364,296,1021,5,6,162,1036,257,24
20200902,66,623,615,0,519,4255,244,102,28,14,2310,1916,47,181,726,280,2128,859,1328,806,1151,-7757,456,19,648,730,1458,0,781,182,1129,265,287,12,348,152,239,708,1157,719,233,816,358,76,657,254,1502,4334,419,927,4,2,596,578,135,45
20200903,88,1046,1392,0,1092,5125,268,101,58,104,3487,2675,66,338,878,296,1360,1104,0,894,813,415,693,50,774,1038,1397,0,751,180,1656,359,421,38,421,200,351,889,1345,909,129,1160,127,65,1193,334,1715,3680,504,1126,1,5,549,740,203,28
20200904,119,1108,1174,0,728,5106,368,156,51,99,3147,2066,59,211,1091,263,5594,1030,1280,792,822,212,819,15,1053,843,1605,0,823,148,2045,340,474,21,493,90,489,864,1332,1013,261,891,32,100,1629,259,1051,5482,513,1111,6,10,528,1542,192,50
20200905,87,1410,548,0,835,4956,334,0,52,140,3593,2194,52,271,1028,269,2806,1077,0,787,0,438,776,35,896,914,1987,1,539,145,1561,355,192,56,384,146,390,801,1341,1147,265,963,142,241,964,293,1765,4486,433,948,17,5,527,999,252,17
20200906,95,511,0,0,250,4905,285,0,41,151,2513,1651,0,220,649,281,1403,843,0,310,1395,366,512,15,0,707,1232,0,410,100,1086,298,144,23,351,59,508,729,773,420,255,691,26,35,663,220,1764,2995,388,1199,14,1,507,890,123,26
20200907,34,659,1054,0,198,3091,213,0,36,206,1812,608,0,162,393,190,1381,590,1694,290,309,229,764,19,1212,638,906,0,242,52,1018,169,81,29,360,37,357,520,778,613,188,547,423,53,655,191,983,2060,373,645,9,4,304,575,163,0
20200908,33,633,477,0,81,2676,187,417,47,59,1797,1543,42,104,455,74,1392,386,0,255,256,171,356,12,499,383,773,1,249,65,716,74,89,18,308,37,137,557,656,833,146,496,96,20,301,103,645,1421,326,836,1,2,163,749,86,71
20200909,65,811,498,0,496,1616,246,89,25,0,2006,1937,45,197,364,240,1337,705,496,658,1561,181,336,21,961,260,1362,0,426,87,897,236,502,23,391,87,154,576,973,876,165,931,1,84,305,168,833,4000,314,882,0,5,219,913,147,48
20200910,114,1148,548,0,461,3338,265,222,25,158,2537,1836,88,98,902,329,1953,758,0,795,464,403,503,26,983,381,1116,0,517,195,1222,335,440,56,490,161,288,757,1121,771,116,587,459,106,379,263,1650,4018,346,1236,6,3,564,1592,209,48
20200911,89,1138,1180,0,521,3326,307,233,81,0,3604,1658,17,169,728,307,2312,1262,976,932,755,440,646,32,1405,467,1569,0,853,122,1532,241,456,47,524,134,260,880,1240,942,183,1008,109,123,2454,283,1622,3547,656,1115,4,8,536,1443,157,65
20200912,103,943,727,0,605,4107,415,0,59,260,3168,2124,28,170,573,333,2121,1056,0,711,0,554,809,42,807,872,1974,1,445,140,1454,466,468,32,504,98,414,849,1242,1017,211,920,241,94,932,320,1032,4233,572,1300,10,9,475,1430,347,33
20200913,61,1109,509,0,384,4625,417,0,40,123,2395,1409,0,129,784,217,1462,1243,0,530,1281,286,577,29,0,723,1613,0,254,96,1196,429,267,44,324,100,317,725,837,695,291,76,171,99,1886,201,933,1845,628,874,9,7,478,1624,178,49
20200914,75,704,408,0,213,2855,375,569,30,88,1718,1023,36,112,386,112,1373,736,1513,337,492,254,536,40,1229,638,1332,1,144,86,845,252,227,18,368,81,277,583,1079,869,181,1182,208,32,816,163,2450,3970,563,757,1,11,239,818,121,46
20200915,43,701,730,0,484,2235,400,136,65,200,2743,1496,39,79,401,253,1466,689,0,718,371,313,599,15,682,402,1317,0,505,137,1106,232,307,34,489,81,226,766,1001,1091,147,1151,229,120,790,193,957,5342,562,943,4,7,138,1441,156,46
20200916,50,927,862,0,698,2950,587,135,56,97,2288,2223,47,65,803,278,1941,580,971,764,612,306,643,23,773,462,1191,0,711,187,1137,265,328,32,445,118,208,652,1033,970,178,776,46,108,652,297,1856,6026,747,845,7,2,511,1502,220,128
20200917,108,670,992,0,1753,3238,459,220,47,84,3273,1847,32,102,948,283,2056,837,0,606,478,429,631,21,980,909,1747,1,701,216,1552,392,449,34,636,158,347,896,1067,1034,188,933,382,130,1324,395,1053,4047,911,1101,6,3,482,2134,234,86
20200918,107,1106,871,0,1282,3630,605,141,62,48,3177,1834,29,159,1183,396,2223,1037,1415,758,979,454,543,43,778,1085,1795,0,0,224,1443,505,502,47,551,151,501,790,1011,1249,0,760,479,132,872,389,2357,3422,1117,1242,4,2,471,2580,253,95
20200919,94,1301,1078,0,609,4304,606,0,50,83,3510,2284,43,137,847,470,2529,1076,0,978,0,599,682,30,587,914,1387,0,1152,292,1229,378,466,59,510,162,323,986,951,1237,492,1162,694,178,922,369,942,3827,1077,953,0,4,478,2403,191,33
20200920,108,798,563,0,467,4265,501,0,53,117,2497,1134,0,109,621,288,1402,746,0,436,936,359,412,44,0,1296,1328,6,277,136,1333,352,410,27,489,67,385,862,762,1003,257,733,262,82,468,252,2075,2466,920,856,27,5,535,1735,180,91
20200921,70,818,641,0,233,3294,542,497,23,101,1671,1184,30,77,660,244,1477,522,1674,375,243,256,412,27,1575,925,1463,1,192,130,800,284,286,5,435,104,232,573,856,1101,202,234,242,52,416,173,895,9853,622,627,0,4,323,1296,117,73
20200922,57,804,617,0,595,2630,654,136,43,94,2414,882,43,56,548,410,1531,599,0,814,752,173,344,40,695,480,1059,0,465,271,1168,264,305,38,510,107,262,754,685,1164,194,834,88,112,2665,320,739,17820,650,872,7,2,196,1739,213,72
20200923,76,569,982,0,438,3146,616,155,29,69,2594,1457,45,63,1036,446,1848,711,1267,786,616,543,385,25,902,678,1580,0,552,212,952,472,397,17,490,197,509,665,903,1089,318,898,40,133,897,445,1561,3392,877,580,2,1,669,1895,120,153
20200924,131,1053,1086,0,568,3170,548,157,56,117,2477,1368,28,167,1148,396,2257,899,0,641,577,481,503,44,1078,912,1365,0,737,330,1688,467,493,37,644,237,390,955,991,1083,190,853,717,134,1021,463,835,4320,1198,902,12,2,599,2478,202,136
20200925,126,2452,897,0,515,3400,709,115,57,138,2809,1468,23,90,974,491,2805,1171,1366,908,706,488,559,20,1040,1177,1987,0,722,322,6142,431,453,41,627,263,556,908,1150,1276,362,806,712,-130,1195,457,1910,4633,1411,941,6,7,595,2629,247,115
20200926,119,933,809,0,459,4197,584,0,52,71,2731,1359,68,132,899,523,2441,1142,0,970,0,569,613,25,996,1470,1716,0,645,343,1759,497,431,36,829,205,602,1005,1115,990,449,1029,296,103,1371,579,1437,4886,1017,975,0,10,588,2902,205,45
20200927,110,730,487,0,411,4071,569,0,35,104,1847,812,0,127,692,539,1604,901,0,455,923,592,431,28,0,1075,1392,1,182,200,1290,341,434,51,760,152,373,866,800,0,267,918,533,114,614,408,2104,1694,1068,736,21,2,521,2247,190,168
20200928,114,662,807,0,273,2955,411,560,14,129,728,596,36,98,366,205,1709,872,2037,448,240,430,477,12,1329,904,1280,0,190,306,868,259,467,36,619,141,463,834,993,1684,239,676,660,26,568,197,737,4090,827,449,0,3,328,1739,164,121
20200929,122,571,706,0,674,2162,535,182,36,142,3209,1025,53,87,474,422,1362,744,0,917,533,512,431,37,1118,809,76,0,589,311,889,419,515,25,551,172,404,1189,1105,1025,174,988,444,132,1179,259,879,4062,694,923,1,4,200,2447,180,67
20200930,104,1147,942,0,323,3200,511,221,26,82,1880,1720,45,87,1120,511,2273,953,1120,984,610,532,414,54,1194,687,1351,0,552,347,1495,444,466,33,822,278,385,1000,1080,980,297,1153,199,192,308,392,1528,5683,906,755,0,3,778,2459,156,127
20201001,137,1043,1124,0,705,3062,682,192,32,174,2551,1308,62,120,1038,614,2166,1157,0,888,551,754,785,40,998,1066,1799,0,696,429,2277,367,520,51,716,226,430,1382,1327,1170,218,1156,176,166,381,747,1293,3534,1008,450,5,3,633,3000,176,135
20201002,141,954,958,0,551,3590,680,555,65,150,2610,1300,67,105,925,513,2456,1464,1362,999,817,761,712,37,984,1166,1485,3,672,355,1775,471,621,217,838,339,772,1598,1495,1190,353,1161,329,162,862,386,971,3503,1107,966,3,14,618,2825,283,131
20201003,139,1682,746,0,636,2159,657,0,50,188,2753,1444,82,94,911,677,2442,1419,0,1274,0,672,597,18,1275,1421,1708,0,609,501,2202,443,792,63,1045,296,526,1731,1157,1189,301,0,299,169,1706,464,1192,7006,1068,1116,0,9,580,3054,161,151
20201004,141,789,488,0,355,4293,521,0,46,118,1786,847,0,133,626,464,1453,1087,0,616,893,644,471,33,0,1039,1326,0,321,279,610,411,426,48,701,181,392,1222,941,569,348,2251,230,124,691,432,1615,2884,1393,1067,1,6,628,1926,160,139
20201005,196,544,417,0,316,3055,461,823,28,120,1406,789,54,70,364,262,1853,830,1597,541,218,515,501,26,1455,973,987,2,215,212,2258,311,404,35,579,155,337,933,1057,665,259,672,363,50,577,180,2489,3409,1105,687,-5,33,403,1727,114,125
20201006,147,764,641,0,864,1677,654,121,105,103,2201,936,61,50,474,458,1617,970,0,1036,532,495,413,20,1152,941,1165,0,0,500,1504,502,452,51,720,315,479,1393,1335,1364,279,1036,238,177,811,278,1676,4132,716,625,0,4,252,2075,194,141
20201007,121,941,809,0,604,2764,731,123,45,84,2544,1492,54,83,950,660,2630,1281,1244,2393,2156,535,460,39,1214,911,1068,0,1538,716,1711,490,498,69,620,425,431,1360,1424,1006,291,1309,23,180,735,1030,2080,4121,1007,509,-1,7,906,2463,203,129
20201008,134,557,1265,0,863,3575,863,384,68,132,3246,1265,66,108,1261,671,3059,1450,0,868,524,444,761,35,1401,1271,1505,0,578,614,2428,523,639,78,1412,384,480,1836,1539,1212,294,1376,352,269,1050,505,1992,4238,1501,1844,1,11,723,3274,186,193
20201009,187,1490,0,0,683,3806,834,290,78,145,2853,1625,55,101,1042,673,3117,1816,1855,1001,257,765,734,27,1323,1390,2008,0,862,722,2034,644,663,92,983,485,766,1592,1840,1524,482,1380,316,249,921,804,1556,4036,1343,1114,2,8,723,3164,382,243
20201010,230,1061,2075,0,894,4170,1023,0,75,171,0,1237,67,165,1084,662,2905,1918,0,989,0,639,636,30,1648,1516,5066,2,957,718,2321,598,1085,122,990,481,806,1447,1356,1533,410,1742,232,286,945,732,1646,4230,1354,1256,0,10,726,2971,206,120
20201011,250,816,613,0,597,3803,819,0,66,132,5414,1140,22,71,1075,613,2727,1570,0,847,1181,563,562,27,0,1440,0,0,294,585,1719,637,743,51,847,261,380,1143,1291,766,409,1166,218,170,785,617,2068,2418,1200,811,1,10,701,2713,215,156
20201012,191,734,654,0,475,3449,576,1339,38,159,1519,902,92,101,463,365,2742,1574,2055,638,60,760,504,29,1932,1171,0,0,296,423,1276,473,495,65,553,379,569,1029,1430,797,327,1088,228,81,649,361,2965,2648,988,854,0,9,383,2016,153,191
20201013,156,1117,680,0,684,2378,1048,320,46,105,2657,993,96,42,529,597,2851,1549,0,761,682,749,482,28,1466,1135,0,0,713,486,1734,490,457,71,1145,351,487,1393,1447,1309,205,1342,135,129,828,414,1147,5130,987,1235,0,11,253,3428,274,162
20201014,155,784,1079,0,901,2666,692,164,64,71,2808,1297,75,61,1046,584,2862,1165,1293,1322,880,580,575,36,1593,1369,4449,0,876,599,1926,663,704,70,1141,577,479,1232,2039,1122,313,1276,490,204,926,876,1709,4826,1144,805,3,3,867,3323,263,213
20201015,166,1185,1278,0,1113,3329,1141,167,34,95,3286,1640,86,99,1333,645,4015,1943,0,1182,743,587,630,20,2458,1163,1875,0,1322,723,2532,696,924,77,1179,668,655,1460,2178,1221,380,1598,318,274,1297,797,2289,4726,1498,1331,-1,16,768,4040,264,198
20201016,221,1212,1015,0,738,3075,1312,802,89,164,3365,1609,111,90,1229,718,5103,2283,1700,1311,774,767,781,29,2206,2290,2017,3,1116,662,2684,880,961,88,1000,812,716,1707,2148,1472,365,1566,227,253,1147,793,666,5870,1496,1183,2,13,771,4105,498,290
20201017,210,1288,883,0,921,2979,1139,0,79,218,3968,1534,79,85,1157,1094,3629,2482,0,1291,0,584,798,48,0,1694,2357,6,751,638,2102,771,1286,111,1164,573,967,1784,2234,1195,410,1857,119,287,961,806,2646,4885,1340,1114,0,9,770,0,221,151
20201018,210,964,644,0,742,2862,933,0,36,151,2474,1174,58,96,857,878,4245,1605,0,810,1143,730,530,26,0,1722,1768,0,0,588,2303,713,620,69,1430,445,609,1390,1562,796,381,1269,418,284,776,658,2605,3216,1097,900,6,11,664,0,280,209
20201019,204,859,531,0,748,3474,1072,1191,25,103,1691,752,81,82,557,510,3113,1584,2113,640,201,828,497,23,5004,1627,1405,0,586,569,1144,658,734,52,1371,514,582,998,1837,774,216,1103,427,85,619,567,3317,1894,1168,690,0,8,409,7915,212,286
20201020,231,1043,844,0,1040,3286,1208,434,50,129,3556,1128,130,37,494,698,3714,1498,0,1297,699,976,590,27,1871,1092,1524,2,730,703,1578,1049,749,82,1235,594,656,1201,2015,1475,262,1557,447,302,884,621,1508,7884,1081,926,0,12,298,4686,226,215
20201021,224,1146,1155,0,975,3707,1267,416,53,50,2106,1312,82,88,1179,873,4342,1732,1488,1452,1363,702,492,38,1878,1060,1244,0,801,619,1842,521,592,89,1301,819,565,2026,2366,1307,342,1425,132,474,864,587,2292,5252,1363,1018,2,20,913,4363,215,322
20201022,239,1390,1202,0,994,2940,1373,502,39,153,5461,1785,88,77,1435,987,4942,2850,0,1303,772,1049,743,37,2204,1561,1854,0,958,928,2400,1048,899,77,1444,662,789,1628,2425,1628,307,2063,87,471,1128,973,2046,6291,1543,1332,6,16,918,3632,323,271
20201023,248,3852,1337,0,976,6141,1350,679,72,159,3618,2224,85,102,1249,950,5000,2467,1774,1449,699,1070,712,31,2046,1711,1811,0,795,863,2716,896,977,118,1315,791,813,1637,2518,1373,367,2219,1152,524,1064,1185,3606,6472,1960,1180,3,30,785,4643,335,426
20201024,356,2360,1183,0,890,5945,1828,0,97,160,4381,1846,34,140,1640,1073,6161,2741,0,1732,0,1203,796,42,3490,2259,2918,0,1212,639,2584,967,1225,126,2206,872,1146,2061,2858,1829,538,2043,116,465,792,939,2574,6499,1608,1088,0,28,849,4673,320,260
20201025,518,1079,797,0,1391,5219,1689,0,61,114,2348,1318,41,89,1143,1021,4062,2153,0,1462,972,1077,792,64,0,1680,2043,0,0,738,1807,849,705,90,1407,823,891,1632,2309,1051,391,1666,665,274,1337,1062,3500,4304,1765,999,0,30,835,3778,194,236
20201026,350,967,612,0,801,2981,2211,2047,45,207,3336,958,120,119,747,650,4729,1974,2446,924,227,1212,565,53,4057,1570,1527,4,675,621,1643,532,582,69,1495,723,475,1191,2116,663,362,1407,461,167,823,538,2279,4700,1201,904,2,9,589,3011,317,436
20201027,388,1115,952,0,1158,3188,1433,538,94,81,4226,1491,82,37,857,697,4000,1983,0,1771,922,1260,897,57,2675,2164,1695,0,854,845,2141,903,702,134,2081,583,730,1991,2509,1010,335,2751,263,421,1078,989,1908,7292,1145,1134,3,31,348,5501,483,329
20201028,352,1269,961,0,1043,4515,1475,490,67,143,4005,1653,48,64,1781,882,6110,2548,3369,1857,1098,1181,684,76,3590,1908,1915,0,1000,620,2253,818,877,110,2015,657,571,2031,2607,743,372,2228,66,499,912,1270,2446,5627,1575,1345,2,11,1133,4130,358,340
20201029,350,1443,1072,0,1315,4191,1806,1319,101,161,4111,1823,83,61,1940,862,6363,3618,0,1811,394,1346,962,80,4109,2867,3061,0,970,887,2885,1228,1169,127,1973,1078,1075,2499,3590,1041,420,2202,752,368,1100,1000,2660,6826,1837,1429,0,16,1075,5146,402,361
20201030,377,1347,1162,0,1565,4014,2412,761,70,198,5383,1377,79,77,2203,961,8489,3163,3136,1937,433,1582,927,103,3345,3154,2507,0,749,1063,2809,1378,1605,116,2398,1005,1232,2255,3845,1302,565,2641,574,562,1003,1559,2608,6631,2292,1456,9,19,1102,5357,524,521
20201031,454,1789,1316,0,1901,5087,2924,0,122,200,2283,2565,53,100,2570,1064,7899,3465,0,1977,0,1430,967,98,4018,3007,2986,0,824,885,2805,1461,1495,200,1751,581,977,2049,2915,1267,595,2510,285,534,1018,1433,1184,7145,1724,1551,14,22,1245,5808,470,270
20201101,351,1700,0,0,1527,4529,2560,0,103,175,4805,1192,9,68,2212,798,6980,2750,0,1423,1071,1131,864,47,0,2200,2349,4,340,694,2057,1150,1087,130,2126,742,716,2255,3303,1349,533,1909,403,480,1411,1332,754,71734,1854,1202,0,17,1147,3553,423,425
20201102,344,907,1451,0,666,4094,2237,2651,69,185,4569,939,3,83,1405,480,6222,3077,4046,1028,275,842,850,84,6920,2948,2651,0,365,757,1336,967,934,106,1795,872,635,1633,2909,1084,508,2060,864,232,894,526,3161,5455,1196,1026,2,23,787,3505,352,444
20201103,383,1037,878,0,1679,4044,2562,0,86,115,4553,31605,119,77,1092,757,6516,2881,0,1709,1153,1036,771,127,3437,3476,2238,0,644,907,2349,1221,954,128,2405,1136,911,2321,4229,1331,549,2875,345,423,1035,1004,1770,10665,1669,1261,7,22,543,6104,358,452
20201104,408,1848,1293,0,815,5338,2928,1515,77,108,4332,2755,91,87,2276,1179,7538,3698,2988,1630,1016,1714,1000,151,4397,3827,2599,0,766,796,2425,1172,1440,115,3041,1011,1068,2126,4071,1246,482,2795,57,579,918,937,3445,9817,2110,1157,3,31,1706,6255,394,425
20201105,313,1381,1548,0,2135,4566,3369,1687,81,219,6120,2344,101,155,3992,1290,9935,4412,0,2268,681,1862,1198,183,6103,3942,3553,0,1612,1013,2859,1572,1828,245,2576,859,1267,2997,4961,2101,589,2900,294,628,769,1360,1969,10171,2807,1366,0,38,1595,6284,560,365
20201106,507,1556,1870,0,1996,6518,3463,1065,110,282,5150,2802,73,99,2778,1265,11790,4647,5418,2228,870,2113,1541,184,4246,5442,3931,2,967,979,2908,1805,2124,204,2772,1284,1562,3209,5008,1878,790,3384,803,630,1233,1488,1373,9239,2987,1568,2,28,1872,6411,540,996
20201107,603,1768,1598,0,2620,5863,3498,0,99,223,4380,2195,36,138,3718,1330,12438,4899,0,2156,0,2302,1410,159,6494,4647,4559,0,1031,1001,2676,1646,2681,229,3800,1277,1824,3587,5549,0,769,4035,663,795,1870,1337,5071,9560,2956,2103,0,28,2124,7521,655,192
20201108,511,1205,1038,0,1880,7682,3017,0,110,345,6619,1439,120,128,3313,1403,10009,4652,0,1177,1266,1823,1081,90,0,5908,4131,0,804,731,2094,1117,1702,247,2494,1210,1276,3428,4541,4507,979,2909,533,568,946,1428,3636,6878,2386,1302,15,54,1931,4407,662,713
20201109,464,1170,945,0,435,7212,3553,3338,86,305,3845,1272,240,128,4381,649,10573,4135,5920,1729,391,1328,1375,195,9305,3926,3244,2,516,374,1521,1153,1574,211,2553,1408,960,3144,4706,2197,861,3402,481,266,703,907,5919,4849,2247,1302,0,25,1407,4470,401,700
20201110,538,1710,1424,0,3434,5367,3890,1524,86,204,4282,4319,181,63,2734,1266,12623,4829,0,2079,1330,2154,1338,172,6944,4893,4256,0,933,1098,2582,947,1582,220,4435,1258,1322,3965,6508,1702,707,4361,275,789,1347,1023,1979,12935,2517,1435,5,52,777,7432,511,1232
20201111,487,2070,1962,0,2030,7464,3975,1754,206,230,5669,2242,101,78,4297,1201,12657,5036,5672,2698,0,2660,1714,142,6620,4889,4071,0,1256,919,3119,1096,2182,229,3733,1487,1107,4820,5874,2177,754,4711,264,978,1257,1362,3632,13166,2335,1594,0,89,2713,7537,885,132
20201112,481,2000,1809,0,1399,6927,5197,1158,128,204,5504,2982,95,117,3650,1693,12702,6591,0,2336,3829,2648,1477,193,7311,7225,4603,0,1271,961,2893,1835,2209,322,4236,1742,1469,4797,7101,2357,861,5488,1332,988,1495,2020,3344,10589,3919,1521,0,125,2384,8223,696,1105
20201113,584,2980,2312,0,3015,6893,6439,2746,159,470,6760,2994,74,97,4032,1158,15415,5600,6282,3164,3450,2906,1869,244,9179,5544,4005,0,1305,1213,1779,1490,2611,459,4023,1230,1857,5401,8071,2667,1109,5531,667,765,1611,1611,3733,13424,2150,1235,0,102,2163,8451,742,862
20201114,734,2226,0,0,3476,9875,5196,0,148,379,4405,3035,41,118,4093,1519,11028,8322,0,3293,0,3047,2321,152,7430,8689,6346,0,1370,1642,3885,2329,2369,382,4970,1165,2269,5388,7715,2847,1058,5551,653,1234,1913,1855,4662,11401,5352,1537,24,98,2910,5581,1153,540
20201115,642,1979,2722,0,2383,10968,4183,0,163,408,9820,2084,156,107,3554,1519,10631,6710,0,1449,2532,2133,1840,153,0,7553,3729,0,969,1272,3117,960,1912,360,5042,1030,1177,3649,7853,3923,1081,5199,707,679,1493,1199,5817,7923,2667,1161,0,44,2610,6320,867,613
20201116,578,1410,1308,0,1476,9890,4296,4639,87,397,4530,1247,54,94,2071,928,11632,5147,7234,1511,546,2164,1726,173,13162,7437,3718,2,589,869,1972,1084,1327,358,2734,1253,1914,3490,7268,2729,862,4476,537,481,1110,897,7951,7828,1971,2677,0,124,1881,4638,801,699
20201117,634,1616,1554,0,2984,8743,4331,1702,245,352,7285,4335,59,52,2192,1099,12601,5463,0,2911,2626,2525,2149,246,7886,5931,5717,1,905,1371,3288,1129,3440,274,4735,2105,1697,5088,7079,1551,766,5900,569,605,1283,1006,1841,13644,3178,2125,16,106,1169,7593,864,1260
20201118,545,2638,1715,0,3206,9811,4650,2042,156,203,7727,3071,112,69,3294,1781,8922,6015,5853,2745,2229,2904,2018,156,6218,5094,4587,0,1593,1184,3367,1341,2204,446,4759,2892,1665,5294,6385,3017,924,6339,325,1383,1547,1387,4472,10987,3071,2071,13,54,3454,8510,953,822
20201119,490,2424,2238,0,4123,11478,6107,2353,213,398,8882,3514,70,107,3474,1310,14612,7281,0,3637,2052,2682,2910,215,7983,7863,4349,0,1395,1236,4296,1450,2812,528,4871,3665,2416,5310,7787,2915,1099,7126,521,1040,1713,1071,2887,14269,3968,1954,6,152,3216,7448,1122,894
20201120,460,2463,2061,0,4471,13005,5765,2088,130,663,8831,3439,36,118,3477,1543,13012,6808,5939,3816,4743,2399,2353,224,10140,6794,4614,0,1638,1475,3688,1434,2663,520,4325,2982,1839,5468,8808,2921,1204,6808,904,1050,2001,1328,3444,13795,4588,2544,13,144,3070,7077,1081,960
20201121,675,2335,1905,0,3638,15442,6113,0,153,505,8175,6209,24,162,3178,1786,11891,6872,0,3702,0,3206,2885,165,7840,6252,4876,0,1972,1249,3415,1572,2381,484,5252,2342,2019,5972,7863,3663,1302,6778,1099,1405,1857,1144,4355,14922,3395,2348,9,88,3082,7029,1118,281
20201122,543,1798,1352,0,4331,14319,3921,0,190,487,6374,2328,73,122,2537,1070,10012,6174,0,2192,3483,2695,2168,236,0,7205,4215,1,779,1138,4514,1180,1368,317,4441,2456,2155,5392,8133,3406,1493,7075,1025,738,1277,851,4589,9769,3197,2117,13,88,3193,4019,880,759
20201123,498,1574,1017,0,2659,8337,3689,5271,139,403,6114,1924,53,113,2351,819,8322,5556,7526,2132,968,1773,1658,185,11943,6343,3370,0,699,701,2419,712,1032,444,4040,2252,2339,5906,11885,3544,1502,4762,741,429,1257,783,4074,7641,2244,3242,0,68,1890,3455,636,1262
20201124,584,2785,2122,0,4544,15329,4150,540,119,453,8102,3676,53,60,1296,1437,9469,5625,0,2606,3243,2576,1667,255,6782,6416,3764,0,665,1123,3100,1066,1860,340,4971,2099,2853,4881,8604,2736,1163,6669,348,851,1678,1011,1304,16580,2701,2544,3,50,1405,6748,969,528
20201125,670,2453,1965,0,3982,18350,4191,1872,107,331,8126,3177,50,108,3243,1640,11378,5983,5738,3301,1235,3395,2697,228,4687,6387,4131,0,1092,1061,4212,1184,1761,394,4755,1855,3159,6265,10835,3732,1000,6759,177,893,1675,1283,2118,18811,1781,2718,14,93,3678,5997,967,802
20201126,553,2639,2348,0,3476,14640,6053,0,220,584,0,3608,43,117,2691,1773,12022,6373,0,0,0,0,2319,238,0,0,4471,0,1746,1117,0,1007,2394,0,5160,1694,2542,6933,0,0,1170,8425,501,1174,0,0,4404,14697,0,2600,0,79,3157,5666,1130,0
20201127,662,917,1052,0,4312,12635,4270,3429,201,591,16795,3009,20,125,1136,0,7574,5643,5224,5616,4964,4658,2378,0,17368,5698,3273,0,1005,114,8008,751,2876,537,4497,2056,1536,8176,17065,3225,1503,7360,1452,463,2215,2138,4340,3987,6142,1544,0,98,2936,1422,866,1012
20201128,650,2119,1349,0,4136,11996,4330,0,371,500,6062,3038,14,76,1461,1997,7873,4471,0,2427,0,3217,1590,23,8351,9022,2204,0,1553,1049,3444,795,1114,689,4530,2130,2912,6063,6895,6257,826,8053,903,1063,1791,819,6750,4325,2043,3173,17,40,530,5473,799,156
20201129,612,2236,1221,0,3221,15614,3489,0,140,581,7131,1952,36,56,1584,1160,7178,4304,0,2743,1643,2495,1999,220,0,8946,3193,0,1845,956,3820,725,1257,478,4499,1435,1298,6723,7729,1721,1674,5529,121,1055,1218,801,3052,7050,1722,2325,6,70,2624,4055,1152,560
20201130,507,2295,1112,0,822,14034,4133,4714,104,403,6426,2047,34,85,1143,824,6190,5665,4425,2116,169,1168,1923,249,10790,5794,3829,2,1485,397,2734,595,1143,514,3815,1678,1642,6819,6631,2200,1614,4268,843,651,1358,564,7975,11725,1897,1893,0,71,2179,2676,845,816
20201201,511,3376,1950,0,10322,12221,4405,1459,133,689,8540,4842,37,43,988,1214,12542,5396,0,4127,5326,3073,2765,219,6511,3549,2929,0,1141,1007,2883,466,1941,772,5443,2324,2698,7285,9030,1737,1311,5676,775,1183,1425,448,5693,18540,2510,2228,6,69,1314,4635,976,500
20201202,697,3928,2212,0,3840,20759,3862,2672,157,355,9890,5734,31,76,2375,1607,9757,6597,4615,3597,3595,5027,2220,232,7433,5165,2679,0,2457,1135,4199,551,1787,566,5155,1544,2129,8973,7835,2859,1223,8291,388,1099,1923,1291,4099,19222,4004,2417,13,101,4702,4565,1087,702
20201203,760,3531,2789,0,5442,18591,6037,4751,322,758,10656,5839,22,142,2196,1429,10959,8460,0,3836,2743,6675,2044,346,7957,6149,3998,0,2168,782,5637,1017,2336,593,5556,1899,2536,9855,8921,1707,1506,11406,397,1717,2228,1145,3967,17552,3945,2023,26,224,3401,5604,1120,571
20201204,750,3840,2827,0,5680,22018,5013,1538,316,942,9898,6376,17,121,2267,1721,10526,7899,6234,3592,3099,5491,3792,290,9425,5347,4053,0,2480,1314,5303,891,2180,765,6426,2073,2902,11271,10114,4827,1103,11763,492,1415,2950,1050,4356,16796,3005,2877,24,73,3312,5673,1147,659
20201205,922,3390,2245,0,6799,25068,5125,0,392,698,10198,5017,18,133,1655,1911,9887,7690,0,3872,0,5619,3193,283,6308,6308,5001,0,1942,633,6018,615,1615,448,6048,1921,3194,10761,10469,4370,2174,12884,935,1807,3222,906,4914,14391,3674,3793,20,131,3138,5711,1400,204
20201206,757,2288,1542,0,5376,30075,3234,0,264,816,8175,2034,27,104,1499,1339,7598,6598,0,2567,3946,4827,2643,221,0,5581,3876,0,1473,806,6438,488,2243,633,6632,1232,2511,9702,7592,3241,1806,8630,1139,1030,2864,687,3072,10380,2563,3880,0,121,3080,3149,1425,376
20201207,476,2352,1118,0,1567,24735,4037,8129,183,799,7537,5285,15,81,677,805,8691,5661,5730,1960,1013,2481,2302,427,9824,5290,2658,3,1263,716,4372,387,1266,1045,4137,1859,2448,7302,9273,1903,1253,6330,951,844,2553,509,8136,9491,2231,3817,16,65,1773,2322,1131,668
20201208,562,4436,2283,0,12314,23272,3971,2414,270,753,7801,5577,7,53,830,1383,7910,5385,0,3076,2426,4122,2632,274,6676,3051,3250,2,1732,755,4670,582,1293,807,6319,1255,2694,9335,25721,2297,1292,10170,694,1249,2302,538,6019,19842,2333,3860,31,100,1182,4620,932,490
20201209,584,3522,2327,0,4444,30851,3757,2290,265,929,9411,5512,13,80,1797,2012,8256,5754,5778,3468,4352,5965,2692,405,5342,4516,2640,2,2746,787,6495,473,1476,969,5119,1748,3053,10600,10094,2307,1294,8703,646,1232,2490,985,8213,13606,2574,4398,18,105,3650,4171,1402,410
20201210,620,4735,2202,0,4928,29677,4649,2431,244,643,11071,7623,13,123,1683,2298,11101,6518,0,4314,2415,5369,3202,407,6302,3499,3858,0,2283,759,5556,558,1321,681,5800,1781,2193,10178,11738,2460,1205,11972,496,948,2242,704,6011,15299,3401,3915,35,128,2977,4709,1233,338
20201211,622,3853,2770,0,6983,35468,4678,3782,259,782,11409,6191,27,136,1537,1825,9420,7200,5491,3670,2862,5655,2616,345,5626,3750,3900,0,2327,978,7540,507,1850,1187,4335,1834,2783,10595,10359,3900,1551,12745,1544,1571,3540,945,7289,14451,2183,3395,0,128,2557,4478,942,562
20201212,517,4066,2628,0,8077,35729,3961,0,286,1058,10385,6447,11,197,1245,1582,8737,7401,0,3540,0,5289,3538,414,4813,4430,3743,0,2665,774,6153,376,1103,784,6888,1793,2641,11129,11252,3983,1582,11084,721,1831,3572,735,6691,16360,3692,4177,58,85,2421,4624,1514,122
20201213,637,2790,1450,0,5853,30334,2559,0,231,584,8762,4798,16,87,989,1022,7216,5898,0,2444,4422,4853,2638,303,0,3425,2694,0,1500,659,6819,281,811,712,4711,1442,2882,10194,9266,4332,1419,10684,708,870,3408,631,11352,8349,2083,3294,0,127,2228,2965,1066,453
20201214,422,2264,1805,0,11806,33278,2911,7231,164,997,8343,3720,31,189,637,547,7214,4967,4724,1786,1030,3653,2314,426,7621,3018,2562,0,1648,0,4770,196,1173,919,5337,1499,2579,9044,7875,2099,1014,7962,554,552,2570,316,9959,8901,1968,3240,16,104,1410,2329,1177,415
20201215,278,3638,1691,0,4134,32326,2278,1470,301,685,9296,7437,12,56,726,1038,7359,4241,0,2928,2633,3929,2401,411,5391,2323,2762,0,2205,737,5236,328,483,670,4701,1258,2320,10353,8755,2224,1157,9556,434,1166,2544,345,8611,18926,1915,3160,21,66,652,4055,1307,289
20201216,603,4107,2306,0,4837,53711,3334,2319,263,787,11282,6624,19,110,1539,1802,7123,6208,4551,2875,3269,5952,2405,551,4644,2248,2673,0,2343,604,5273,291,1517,888,6306,1800,2366,9998,5409,3238,1082,10049,267,972,2799,904,11410,18802,2928,3931,0,86,667,2822,1148,246
20201217,377,4695,3039,0,5817,52281,3698,2321,228,839,13102,7777,15,141,1415,1433,8828,6340,0,3328,3776,5135,2217,590,4541,2759,3569,0,2261,839,5786,377,1242,831,4911,1688,2281,10914,11412,2975,1530,9966,1065,1081,2655,594,8945,19849,3203,3853,50,140,61,4281,1636,283
20201218,487,5348,2878,0,7635,41012,3693,2680,274,341,12827,8141,10,162,1524,1426,7377,5949,5857,3169,3113,5679,2569,436,4519,2718,3723,2,2507,509,8444,494,1297,696,4445,1455,2878,12697,9684,3556,1314,9320,1381,522,4302,575,10421,16792,2644,3295,22,94,2940,3921,1266,766
20201219,330,4221,2693,0,5560,43608,2491,0,238,1027,11456,5763,5,156,1198,1340,7562,4732,0,3374,0,4344,2201,402,4181,2746,2784,0,1700,627,6164,231,1345,649,4859,1430,2601,9919,8567,4108,1372,9834,1079,971,3461,564,0,17907,2408,3584,10,100,3063,4315,1464,129
20201220,178,2548,1536,0,5366,46474,2292,0,259,480,8140,5618,4,202,897,851,6003,6483,0,1757,3711,4261,2054,207,0,2684,2072,0,2222,551,6900,251,670,933,5731,1063,2087,9957,8377,4970,1506,7213,1222,1029,2869,391,16036,7780,1994,3876,11,100,2332,2045,1127,174
20201221,150,2380,1457,0,7748,37892,2146,4595,139,440,10907,3520,9,134,538,891,4699,3865,4174,1976,1116,3843,2265,339,5059,1992,3130,1,1167,154,4479,82,967,846,3686,815,1939,9007,6548,2596,1116,7887,416,419,2327,347,9891,10280,1819,4042,0,91,0,1629,995,456
20201222,438,4979,1941,0,5870,32659,2516,1583,160,567,10204,9079,27,66,642,917,6239,3657,0,3047,3699,3800,2324,458,3514,1700,2123,0,2191,623,5255,332,721,620,5266,1267,1090,9716,7678,2186,825,7962,1063,956,2322,435,4441,21147,2302,3591,13,74,4035,3027,1400,261
20201223,360,4758,2893,0,6058,39069,2948,1745,326,612,11100,7773,19,105,1501,1717,6762,4662,5089,2936,2974,4814,2465,748,3820,1508,3141,0,2634,575,5609,270,1221,504,5453,1167,2988,11937,7790,3656,1318,9605,576,879,4175,531,7221,23363,2612,4652,16,72,1252,3063,1199,285
20201224,268,4232,3204,0,7046,39070,3030,2038,210,780,12770,10286,9,128,1116,1391,7037,6196,0,0,2565,5937,2866,735,0,1884,3231,2,2326,407,0,225,1338,390,5330,1924,2249,12568,8828,3277,897,9230,320,1046,2798,506,5257,17064,2892,4782,17,101,2315,3263,1303,0
20201225,0,3625,2122,0,6616,39144,2659,0,0,638,0,6054,2,156,870,1248,5742,5446,0,0,0,0,2432,321,0,0,2076,0,1527,0,0,0,695,0,5605,1456,1853,12446,0,0,851,7174,616,870,0,0,0,4335,0,4078,12,0,2891,1639,1597,0
20201226,361,1032,702,0,6106,30375,1430,0,274,820,16588,4158,1,119,310,0,3293,3841,0,5283,0,7677,2280,0,7877,2142,1756,4,845,504,19419,407,805,1031,4331,604,1589,10806,11018,3955,897,7581,1019,226,3864,417,14395,2694,3489,1584,0,185,0,677,1341,482
20201227,290,2170,908,0,1296,50141,1399,0,492,584,7157,3511,1,95,478,554,3767,1820,0,1500,3223,3134,1758,333,0,2516,1451,0,1365,347,2898,111,175,876,2895,742,1856,7623,5857,2631,608,4884,784,733,7287,427,3188,8046,796,3999,0,63,3626,2558,533,54
20201228,126,2269,1651,0,10086,33170,1650,8457,140,431,8040,3941,11,45,562,428,4453,2465,6373,1454,817,4198,1985,439,3550,1077,1522,0,1701,219,3888,93,637,861,3313,691,868,10407,4519,3448,1399,3779,431,661,1871,267,3712,14829,1716,2599,0,91,0,1557,726,504
20201229,175,3907,2718,0,2799,31245,1740,767,193,701,11748,9450,12,75,697,795,5644,3976,0,2975,3946,4145,1878,590,3963,972,2479,0,1943,427,3563,272,875,1027,4407,1216,1747,11438,7526,1194,820,8545,2132,1187,2552,501,4797,32552,2736,4122,0,82,1953,2919,1337,219
20201230,385,5016,3184,0,5267,30921,2451,1696,223,407,13638,9053,15,106,1052,1514,7374,4735,6371,3770,6744,6839,2628,590,4782,1997,2761,0,3023,874,8551,371,932,545,5230,1311,2470,13422,8178,3249,682,8984,98,1160,2873,562,8220,21469,2614,4048,31,74,2174,3170,1452,210
20201231,495,4406,2708,0,7718,27237,3238,2045,225,860,16827,11709,9,188,1323,1340,8009,6468,0,0,4046,7260,2973,702,0,2195,3714,0,2756,255,6715,293,1516,786,5712,1678,2137,16802,9632,3906,1033,8992,403,1592,4032,444,5993,18725,4672,5239,21,136,1484,4212,1109,276
20210101,0,4521,4304,0,10060,47189,3064,0,269,608,0,11137,9,288,1593,1213,7201,6288,5312,0,0,0,3557,0,0,0,4729,0,2575,0,0,0,1501,0,5918,1278,2315,16497,0,0,1649,7714,763,863,0,0,0,16311,0,5182,5,0,4422,2085,2486,0
20210102,801,3711,2000,0,8883,53341,2011,4412,257,809,30531,7533,0,169,476,0,4762,5317,0,8709,0,9003,2952,1044,9500,2530,2157,0,1891,389,18892,396,918,1156,5799,1237,1825,15074,14293,5119,1430,9253,878,783,5211,665,17330,4763,5042,3989,0,277,0,1129,1507,164
20210103,290,2476,2033,0,17234,45352,2078,0,255,611,10228,5778,1,149,865,1122,4469,2981,0,2855,5783,3481,2148,347,0,2712,2305,0,1784,437,6487,150,546,1266,4088,1015,2747,11368,6808,8017,1009,4579,237,888,8951,703,4165,16095,1819,5010,5,104,0,2593,1731,302
20210104,260,2161,1306,0,5158,29633,2185,4516,140,849,10935,5163,17,89,701,308,5059,3617,3572,2317,1123,4906,2483,376,5490,3144,1196,0,1616,283,5187,199,738,878,2358,921,1414,11209,5942,2699,1397,3226,636,633,3803,111,3953,18182,2160,3771,1,80,8644,1626,828,372
20210105,194,5498,4107,0,5932,31440,3458,2332,262,767,15556,10091,13,123,1021,798,6839,3395,0,1693,4467,4634,1956,597,3031,1573,2632,0,1767,714,5285,254,585,664,6271,1184,2423,12666,7580,1497,708,8818,514,1144,2601,433,5399,31630,3318,4377,13,165,1039,4019,1276,322
20210106,328,4591,3705,0,7206,29892,2557,2486,316,629,17262,7686,21,142,2010,1538,7569,6146,5501,5705,6876,6851,3146,525,4856,2326,2854,2,2791,682,6952,338,1448,846,5848,1485,1938,16648,7814,3305,1035,9474,293,1611,5162,608,7588,24010,3769,5387,28,120,2332,4109,1516,321
20210107,326,5046,3323,0,9913,36385,3473,3304,268,1220,19334,9790,8,321,1294,1263,8757,7270,0,4889,4530,7548,2970,535,4249,1983,3983,1,3255,690,10398,324,1436,423,7539,1835,3402,17636,10251,3781,735,9698,286,1128,4877,448,9000,24578,4597,5379,23,245,1985,4509,1324,278
20210108,403,5057,2944,0,11658,50030,3187,3236,357,554,19136,13296,13,308,1608,1067,9277,6095,5504,4737,3377,8120,3732,782,3908,2374,4332,0,2175,818,10028,282,1122,891,6949,1637,2866,18832,9535,5232,862,10178,2169,1023,6064,448,6369,23520,3793,5238,37,216,3260,4110,1896,479
20210109,311,4863,2886,0,11094,52636,2837,0,350,972,15069,11926,5,248,1072,1085,6717,5966,0,4231,0,7414,3758,612,2898,2469,3825,0,3203,534,11581,120,1023,719,7427,1498,2648,16943,8374,4289,1762,10045,563,1387,5908,321,5844,23290,2613,5798,0,171,4595,3516,1880,72
20210110,250,2750,3330,0,11201,49685,2201,0,334,798,12041,8193,8,198,940,977,4711,5093,0,3227,5398,5656,3310,279,0,2159,2744,0,2214,222,8833,158,1006,729,5646,1203,2259,15355,6088,6487,1629,7506,489,1038,4441,417,7419,15855,2276,5141,0,177,2988,2126,1434,113
20210111,173,2100,1268,0,8995,39839,1677,7364,202,554,11338,7454,11,172,476,432,4776,3685,5180,2082,1405,4251,3012,313,5129,980,1659,0,1227,329,5936,114,406,707,5334,930,1681,13714,7892,3885,1207,5338,349,568,3129,181,3527,14834,1484,4530,0,111,0,1682,1070,563
20210112,0,3848,3209,0,8559,36487,1511,3689,430,619,14526,9193,0,114,637,572,6642,3139,0,3022,4705,5487,2665,715,2468,1315,2131,3,1648,424,6851,138,644,841,4587,887,2593,15214,7981,2210,924,7275,959,786,1703,244,3478,26052,2146,4561,23,169,5091,3307,921,677
20210113,406,3147,2467,0,5629,33751,2438,3529,177,727,13664,8596,21,106,1441,1034,5862,3642,4539,4553,2896,5918,2516,824,3128,1487,2060,0,1942,576,5098,167,1000,977,7880,1145,1143,14577,6701,3907,1173,7960,212,1092,6021,452,4625,27343,5188,4598,0,121,1858,2771,1189,217
20210114,332,3588,2491,0,7311,35930,2403,968,220,892,13381,9036,13,175,1146,1091,6652,4375,0,4063,5313,5955,2948,808,3295,1581,2780,0,1948,457,9853,243,1529,653,7092,1424,2187,13661,7654,3142,1329,7175,177,901,5802,317,4983,23064,2742,5294,0,205,2658,3140,827,412
20210115,300,2945,3124,0,9146,42655,2281,1878,320,662,16415,9806,17,150,1035,994,6642,4666,4093,3925,3705,5525,2924,823,3001,1627,2231,0,2342,525,8914,221,932,722,6369,1262,1878,19942,7149,3538,1137,6047,1138,1057,4787,425,5557,27204,2543,4795,0,161,2575,2706,1430,208
20210116,182,3153,2543,0,8715,40622,2025,0,397,645,11886,8533,7,229,915,1112,5343,3889,0,3055,0,5799,3292,438,2211,1485,2011,0,2680,421,7986,115,779,445,5999,1088,2040,15998,7065,3621,1012,7166,569,1029,6455,341,4808,24657,2150,6757,0,181,2193,2409,1475,159
20210117,279,1917,976,0,6981,42229,1498,0,314,922,10737,6332,3,130,548,806,4162,3162,0,2350,4127,4414,2414,340,0,1333,1350,0,1606,337,6811,150,0,919,5132,744,1483,13842,5247,3314,1154,6023,858,752,5762,266,4474,16402,1585,9914,94,142,0,1891,697,295
20210118,151,1430,1109,0,5400,30699,1190,6703,182,616,7877,4957,1,129,480,278,3385,2498,3688,1993,971,3301,1769,317,3343,969,1291,0,1457,183,0,70,1068,1000,3853,626,1221,12185,4312,1837,793,4045,558,481,3280,115,2430,11590,1082,7245,0,163,3969,1169,988,345
20210119,125,2515,1331,0,6417,23794,1685,2094,226,401,9571,7492,30,64,717,0,4318,2727,0,2239,2138,3085,1972,386,2320,919,1357,1,1193,288,9860,137,440,845,4628,691,1178,12512,4989,1558,646,5341,434,361,2854,127,2057,9476,1302,4526,0,101,0,1933,1011,214
20210120,160,3112,2520,0,4845,22403,1371,1915,144,464,11825,8205,6,74,717,1224,4822,2877,3590,3414,2493,4514,2167,701,2421,1224,1592,0,1702,391,6415,151,900,728,5438,881,1171,13364,6378,1986,617,5984,140,810,5525,277,4483,31255,2159,4515,23,150,2050,1851,857,202
20210121,209,2881,3106,0,9398,19673,1983,1662,209,748,12602,8150,7,119,1362,810,4979,3624,0,3713,3736,5140,2166,675,2513,1270,2049,0,2290,394,7187,148,1164,857,5049,988,1200,13886,7271,2686,674,5664,215,910,4649,337,3492,22360,2089,4013,22,109,2028,2569,940,300
20210122,263,3551,2162,0,8099,23024,1798,2019,293,710,13407,8374,19,169,966,612,7042,3489,3241,2745,1937,5272,2396,636,2538,1506,1783,0,2050,400,7436,197,864,657,4200,908,1869,15144,4278,2946,831,5338,554,949,4696,316,4064,22646,2649,4147,16,179,2070,2303,998,159
20210123,241,3355,1613,0,7316,22972,1958,0,172,682,12104,8985,0,133,956,598,5152,3093,0,3789,0,4641,2392,324,1826,1540,1777,0,1856,361,7181,153,909,625,7147,848,1501,13786,5859,4157,866,5785,791,976,4601,247,4029,17672,1771,4904,14,149,2162,2012,1137,0
20210124,165,1728,1071,0,7217,24111,1319,0,224,660,9335,4753,0,151,711,527,3292,2520,0,2018,3607,3944,2145,0,0,1181,2137,0,1196,242,6096,97,599,761,5272,626,1194,12720,4481,2941,761,3976,955,742,4536,185,2841,11565,1516,3792,6,125,1949,1374,555,315
20210125,83,1839,636,0,5321,27007,1177,5817,204,616,8542,3917,7,121,401,181,2944,2189,2602,1250,2080,3651,1686,448,3347,794,879,3,927,164,4633,57,293,431,4143,491,990,12003,4334,1763,568,3934,568,301,3092,32,1710,6319,859,6172,0,132,0,1100,532,164
20210126,85,2900,2485,0,4748,17028,1158,1267,195,299,9466,8393,12,64,591,527,3667,1718,0,2692,2620,2495,1482,662,2075,707,1079,0,1452,344,3978,132,646,404,4776,600,956,11064,4262,1571,419,4628,473,642,2250,200,1979,26274,1411,4707,9,120,1943,1564,1139,90
20210127,173,3177,1777,0,5918,16728,1638,2440,165,342,8211,6384,2,103,731,559,3751,2230,3262,2415,3854,3320,1939,462,2065,827,1444,0,2074,371,5587,154,329,391,4810,751,1020,11028,5366,2686,768,5874,175,613,3564,228,3400,19613,2009,5227,23,94,1341,1559,797,216
20210128,199,3648,1892,0,4671,16696,1441,1426,267,663,11190,7352,4,99,963,620,4191,2819,0,2934,2493,4631,2190,284,2255,1316,1636,0,1804,403,6490,145,662,695,4746,672,1078,13398,5432,2320,708,6036,297,745,3938,187,1777,18220,1761,5121,11,144,1807,1980,787,62
20210129,185,2848,1707,0,5028,19337,1722,1258,282,440,10745,6558,7,152,734,508,4156,2630,2168,2601,2367,3118,1880,359,2139,1114,1957,0,2186,312,6959,153,813,580,5986,1079,1328,12579,4874,2787,720,9643,427,684,4464,160,4908,19076,1517,4238,14,135,2520,1804,905,260
20210130,135,0,1824,0,5119,18427,1595,0,248,616,14654,6343,7,115,654,635,3345,2334,0,2646,0,4108,2097,355,1511,1072,1249,0,1528,516,6168,104,973,524,5274,741,1070,12804,4191,2373,946,5191,438,700,4152,115,2251,19234,1468,4309,0,173,1992,1613,873,14
20210131,128,4057,881,0,5025,18974,1163,0,210,520,7604,3587,1,82,624,328,2428,1723,0,1766,3350,2665,1747,156,0,988,1040,0,811,187,4899,68,143,333,4286,525,959,10793,3011,2882,687,3985,218,569,3601,180,3119,11370,1194,2558,0,134,1796,1143,661,208
20210201,70,1221,1226,0,3741,15358,884,3931,136,424,5600,3034,21,90,355,0,2312,1709,1983,1617,965,2398,1163,219,2572,721,778,0,705,121,3776,53,237,363,3517,486,838,8508,3287,1396,0,2854,614,249,2530,65,1326,31811,584,2861,23,118,0,781,424,145
20210202,107,2078,1510,0,2938,12064,935,2568,130,201,10332,4961,2,64,463,482,2304,1512,0,2431,2603,2239,905,417,1433,604,890,1,825,314,2926,115,487,326,3150,432,811,8215,3657,1296,957,4410,288,235,1988,116,2173,23047,1201,2740,5,113,1738,1296,510,71
20210203,181,2118,2426,0,2296,10501,1269,482,61,286,6694,4924,8,74,908,491,3314,1428,2247,2581,2041,2455,942,273,1717,634,1233,0,791,426,12079,138,605,337,2311,670,750,5925,3991,2119,605,3128,136,513,2890,208,1856,17620,1591,2959,4,133,1357,1539,535,160
20210204,158,2767,2469,0,4417,13176,1584,937,166,243,8434,5706,4,106,700,507,3328,2359,0,2493,2760,2804,1554,301,1885,1410,1399,0,1210,301,5495,98,507,396,3289,559,889,7414,4120,2782,627,3370,322,587,3084,174,3154,15281,1273,3059,0,174,1602,1719,574,180
20210205,165,1496,1824,0,3826,14021,1863,1431,269,321,11171,4842,14,129,649,402,3660,1481,2647,2256,866,3287,1547,265,1754,1048,1325,0,1210,347,5547,61,520,478,4228,582,897,8777,3683,2662,715,4688,80,600,6096,131,2661,14495,1216,5069,19,109,1584,1427,597,108
20210206,0,1992,1341,0,3471,12394,1541,0,243,286,7345,4490,7,107,302,404,3062,2816,0,1994,0,3619,1500,265,1186,993,1004,0,1036,259,4172,11,352,466,4511,421,898,11252,3549,2053,818,3930,291,630,3007,188,3182,13897,1211,4709,0,154,1493,1114,549,42
20210207,0,1112,672,0,1544,15064,1034,0,158,762,6468,3589,6,75,446,240,2060,1724,0,1528,1951,3107,1566,154,0,901,769,0,900,73,4674,49,301,318,4332,342,651,10025,2138,2174,603,4717,484,372,3392,97,2387,6959,908,2949,17,134,775,766,518,9
20210208,415,925,637,0,2250,10414,987,4367,101,337,5599,2704,15,32,317,0,1747,1033,1398,1003,1177,1369,903,201,2128,564,447,0,635,124,3084,29,104,120,2561,311,548,8448,1926,1040,381,2504,322,211,2030,54,1226,7485,514,1700,0,146,0,609,398,157
20210209,115,1318,1475,0,4381,8251,934,869,145,279,6911,3721,9,31,405,449,2082,1130,0,2328,1365,1593,976,211,918,572,649,0,656,374,2786,-9,344,419,3576,413,546,7866,3207,1070,297,4088,241,330,1908,122,1636,13329,918,3291,7,59,3068,865,416,46
20210210,182,1401,1092,0,1977,8390,751,888,67,251,7405,3490,10,53,721,437,2825,1431,1934,1911,333,2050,1137,253,1239,651,876,0,784,307,3833,39,462,329,4370,510,659,7101,3281,1660,513,3378,92,459,2829,175,2947,12897,1299,3203,12,17,811,999,429,44
20210211,143,1503,1103,0,1861,8575,1722,1003,185,414,8354,4179,3,91,593,458,2838,1701,0,1871,2728,2450,1199,175,1507,898,1034,0,911,247,4568,139,374,365,3656,533,592,10099,2806,1677,543,3978,142,488,3147,279,1624,11890,1242,3699,20,127,681,1428,469,105
20210212,148,1097,565,0,2426,10059,2091,838,137,388,7437,3900,3,90,519,323,2598,1419,1208,1423,1170,2416,1112,201,1535,1048,884,1,984,221,4128,113,479,460,3732,401,636,8404,3305,1417,607,3987,288,440,3870,209,2246,12502,1060,3191,19,166,1453,1102,467,107
20210213,0,1189,954,0,1791,9421,1209,0,126,409,7377,3823,3,67,450,349,2092,1232,0,764,0,2083,1159,160,944,940,645,0,695,234,4130,85,1542,433,3757,565,813,8763,2799,1458,494,4088,389,443,2983,137,1792,11282,943,3215,0,146,1008,866,395,0
20210214,0,1075,466,0,1947,8842,853,0,122,331,5328,1929,3,46,355,258,1631,1218,0,1708,1306,1882,847,110,0,776,489,0,1093,104,3170,46,209,280,2168,282,512,8316,1809,1266,458,2571,296,320,4153,110,1347,6933,710,2575,0,116,880,562,306,50
20210215,0,674,320,0,1338,6487,533,2905,83,236,3573,2070,4,33,214,0,1420,777,1348,723,503,1573,722,148,1452,602,421,0,544,138,2458,46,92,232,1445,190,391,6365,1915,730,247,1945,228,203,1725,61,1143,3889,462,1539,18,185,0,426,301,0
20210216,454,883,177,0,1132,5692,668,580,130,130,6165,2895,2,17,292,0,1348,878,0,1241,0,1226,516,91,1124,452,481,0,734,127,1988,138,119,198,3633,299,290,6753,2026,508,183,2377,480,285,1435,217,962,3348,591,1770,0,55,0,779,228,215
20210217,63,679,667,0,1315,4090,1137,534,49,212,7185,3545,2,29,466,462,1795,923,1267,1010,624,1360,759,104,1240,758,598,1,684,234,3167,120,299,750,4109,272,363,6092,1816,1078,411,3413,111,368,1916,92,780,3766,901,2284,3,79,1699,771,288,99
20210218,210,1198,253,0,1143,5573,1241,547,121,271,5030,3485,2,65,516,408,1966,757,0,957,828,2040,986,218,1201,913,718,0,134,200,3916,133,296,434,3277,407,488,6794,2282,618,382,3345,78,419,2675,186,998,3131,1151,2304,13,153,1061,866,355,81
20210219,189,847,268,0,1918,6798,1280,1198,160,329,6536,3679,10,61,392,286,2219,1035,2115,1958,441,1818,1008,134,1473,995,562,0,360,277,3227,119,400,368,3047,311,420,8710,2306,869,456,2778,118,286,2893,147,1372,2937,857,2034,7,102,1200,919,295,152
20210220,0,774,517,0,2047,6668,1117,0,92,350,7129,3336,1,59,345,314,1922,1415,0,1331,0,1970,763,143,823,870,566,0,350,264,3446,75,309,394,2876,425,371,7692,2611,973,477,2818,211,403,3340,147,1335,6486,778,1882,10,108,897,815,309,0
20210221,0,857,284,0,1804,6760,802,0,95,201,4935,1758,4,67,302,197,1585,881,0,979,1889,1520,618,130,0,879,410,8,390,138,2541,49,198,252,2031,314,301,6610,1461,1036,521,1906,249,273,2872,139,1129,4484,701,2303,0,134,890,451,252,112
20210222,309,677,245,0,1507,4665,680,2233,107,358,4037,1536,7,49,312,0,1246,817,883,529,468,1262,611,97,1659,555,351,0,242,31,2133,35,96,252,2704,234,173,6146,1611,499,107,1521,173,159,1440,30,952,6365,338,1155,4,115,0,472,238,105
20210223,53,1453,834,0,1184,3447,1096,1357,89,138,5483,3780,0,47,241,434,1665,679,0,1487,1404,1237,662,142,1784,500,443,0,348,230,1514,104,357,258,3158,312,398,6654,2775,359,316,2830,219,282,1323,212,1226,11809,716,1769,10,83,1168,707,285,44
20210224,176,1247,803,0,1310,5303,1168,1493,99,278,6923,3240,2,50,589,282,2022,1006,1122,1294,877,2102,862,164,1558,754,560,0,669,202,3346,115,380,335,3119,446,516,6189,1842,798,511,2786,43,456,2132,262,1631,7517,812,1907,24,77,731,841,243,44
20210225,150,890,726,0,939,4965,1119,975,179,295,6519,3327,1,38,473,423,1884,1084,0,1443,764,2108,976,217,1598,986,727,0,920,203,3351,90,324,310,3577,299,571,8746,2409,1146,417,2356,100,467,2502,156,1994,7389,832,2036,10,72,872,965,431,214
20210226,103,739,516,0,1621,5400,1521,787,162,297,5783,3434,4,78,546,306,2441,944,826,1176,903,1987,970,178,1257,1147,394,0,731,168,2924,90,297,325,3870,656,399,8204,1976,867,492,3346,241,437,1749,143,1573,7955,651,1657,13,123,1088,793,421,148
20210227,0,834,557,0,1179,5151,1264,0,194,419,5316,3365,1,104,315,312,1780,871,0,1021,0,1700,836,197,1425,812,478,0,549,224,2643,69,278,273,4134,152,459,8141,1774,779,324,3361,184,471,1777,186,1374,11073,686,1675,10,135,1169,868,346,0
20210228,0,569,3220,0,1075,4685,841,0,120,282,5385,2334,1,56,295,233,1249,731,0,675,1508,1468,827,142,0,804,274,0,704,117,0,29,167,258,2389,244,266,7580,1268,706,437,1945,253,343,1751,134,1117,3815,465,1736,0,100,951,481,275,44
20210301,350,517,94,0,1039,3516,1536,2680,86,281,1664,2139,1,29,240,0,1143,540,639,504,404,1395,603,128,1865,636,192,0,199,49,3622,43,98,164,3140,165,226,6235,1425,380,282,1628,287,152,1153,43,689,3821,257,1124,0,86,0,333,193,77
20210302,89,652,440,0,849,2533,776,502,83,113,7047,3147,5,35,230,322,1577,537,0,1075,767,301,468,182,1642,425,266,0,301,155,1239,105,400,215,3289,245,309,5800,1736,111,190,2564,151,261,847,182,644,7747,487,1385,0,88,935,607,136,56
20210303,177,2733,404,0,1284,3352,1055,494,51,232,5860,2735,3,17,482,374,2104,761,807,1172,500,1899,786,147,1705,779,387,1,380,193,2145,110,262,187,3691,356,395,7704,2022,747,250,2577,30,436,1173,181,1598,7822,729,1549,49,115,733,780,232,89
20210304,140,922,403,0,1154,3504,1351,878,196,218,5997,2886,2,59,400,452,1740,935,0,1067,756,1567,809,136,1827,940,467,0,479,180,2502,117,365,188,3193,258,385,7593,1875,895,250,3028,102,442,1567,232,1514,8028,0,1300,9,199,795,855,261,69
20210305,141,811,570,0,2276,4659,1633,830,108,231,5876,2081,1,95,374,299,1442,839,752,905,518,1899,913,225,1791,796,430,0,591,125,2093,94,337,244,3701,304,391,8956,1750,917,386,2757,199,394,1695,164,1445,6853,1160,1652,10,133,854,721,287,79
20210306,0,524,327,0,1735,4452,1108,0,151,265,4587,2269,1,85,362,240,2565,1231,0,839,0,1722,932,183,1692,946,386,0,576,186,2027,79,343,273,3720,282,0,7647,1506,978,211,2789,261,395,1199,149,1312,5570,570,1477,0,145,778,614,326,0
20210307,0,408,165,0,1335,3816,840,0,146,215,4024,1709,0,53,257,104,1068,746,0,525,740,1425,709,159,0,895,291,1,260,72,0,34,373,166,2519,180,730,6789,735,461,195,1658,305,265,1408,211,0,2953,412,1163,0,119,664,377,155,0
